difficulty,rank,family,items,packages,enchantment,present,prevalence,medianPresent,medianAll,min,max
HARD,BOSS,AXES,10,4,BANE_OF_ARTHROPODS,2,0.2,4.5,0.0,2,7
HARD,BOSS,AXES,10,4,BLAST_PROTECTION,1,0.1,5,0.0,5,5
HARD,BOSS,AXES,10,4,CRITICAL_STRIKES,1,0.1,2,0.0,2,2
HARD,BOSS,AXES,10,4,FIRE_ASPECT,1,0.1,1,0.0,1,1
HARD,BOSS,AXES,10,4,FIRE_PROTECTION,2,0.2,6.0,0.0,5,7
HARD,BOSS,AXES,10,4,LOUD_STRIKES,6,0.6,2.0,1.5,1,3
HARD,BOSS,AXES,10,4,PROJECTILE_PROTECTION,4,0.4,5.0,0.0,4,5
HARD,BOSS,AXES,10,4,PROTECTION,4,0.4,7.0,0.0,3,7
HARD,BOSS,AXES,10,4,SHARPNESS,8,0.8,4.5,4.0,3,10
HARD,BOSS,AXES,10,4,SMITE,1,0.1,4,0.0,4,4
HARD,BOSS,AXES,10,4,UNBREAKING,8,0.8,4.0,4.0,2,8
HARD,BOSS,BOOTS,30,14,BANE_OF_ARTHROPODS,5,0.1667,5,0.0,5,7
HARD,BOSS,BOOTS,30,14,BLAST_PROTECTION,10,0.3333,4.0,0.0,1,6
HARD,BOSS,BOOTS,30,14,CRITICAL_STRIKES,1,0.0333,2,0.0,2,2
HARD,BOSS,BOOTS,30,14,DEPTH_STRIDER,2,0.0667,2.5,0.0,2,3
HARD,BOSS,BOOTS,30,14,FEATHER_FALLING,9,0.3,5,0.0,1,8
HARD,BOSS,BOOTS,30,14,FIRE_PROTECTION,12,0.4,4.0,0.0,1,7
HARD,BOSS,BOOTS,30,14,FLAMETHROWER,1,0.0333,2,0.0,2,2
HARD,BOSS,BOOTS,30,14,FROST_WALKER,2,0.0667,1.5,0.0,1,2
HARD,BOSS,BOOTS,30,14,HUNTER,1,0.0333,2,0.0,2,2
HARD,BOSS,BOOTS,30,14,LOUD_STRIKES,10,0.3333,2.0,0.0,1,2
HARD,BOSS,BOOTS,30,14,MENDING,2,0.0667,1.0,0.0,1,1
HARD,BOSS,BOOTS,30,14,PROJECTILE_PROTECTION,12,0.4,3.5,0.0,1,6
HARD,BOSS,BOOTS,30,14,PROTECTION,27,0.9,4,4.0,2,8
HARD,BOSS,BOOTS,30,14,SHARPNESS,17,0.5667,6,3.0,2,8
HARD,BOSS,BOOTS,30,14,SMITE,6,0.2,5.5,0.0,3,7
HARD,BOSS,BOOTS,30,14,THORNS,7,0.2333,2,0.0,1,3
HARD,BOSS,BOOTS,30,14,UNBREAKING,18,0.6,4.0,2.0,1,5
HARD,BOSS,BOWS,21,13,FLAME,12,0.5714,2.0,1,1,8
HARD,BOSS,BOWS,21,13,INFINITY,8,0.381,1.0,0,1,6
HARD,BOSS,BOWS,21,13,MENDING,3,0.1429,1,0,1,1
HARD,BOSS,BOWS,21,13,POWER,21,1.0,5,5,2,7
HARD,BOSS,BOWS,21,13,PROTECTION,1,0.0476,3,0,3,3
HARD,BOSS,BOWS,21,13,PUNCH,11,0.5238,2,1,1,4
HARD,BOSS,BOWS,21,13,SMITE,1,0.0476,5,0,5,5
HARD,BOSS,BOWS,21,13,UNBREAKING,19,0.9048,4,3,2,5
HARD,BOSS,CHESTPLATES,30,14,BANE_OF_ARTHROPODS,7,0.2333,5,0.0,3,6
HARD,BOSS,CHESTPLATES,30,14,BLAST_PROTECTION,13,0.4333,4,0.0,1,8
HARD,BOSS,CHESTPLATES,30,14,CRITICAL_STRIKES,1,0.0333,2,0.0,2,2
HARD,BOSS,CHESTPLATES,30,14,FEATHER_FALLING,4,0.1333,3.0,0.0,3,5
HARD,BOSS,CHESTPLATES,30,14,FIRE_PROTECTION,13,0.4333,4,0.0,1,6
HARD,BOSS,CHESTPLATES,30,14,HUNTER,1,0.0333,2,0.0,2,2
HARD,BOSS,CHESTPLATES,30,14,LOUD_STRIKES,11,0.3667,2,0.0,1,2
HARD,BOSS,CHESTPLATES,30,14,MENDING,2,0.0667,1.0,0.0,1,1
HARD,BOSS,CHESTPLATES,30,14,PROJECTILE_PROTECTION,12,0.4,4.0,0.0,1,6
HARD,BOSS,CHESTPLATES,30,14,PROTECTION,29,0.9667,5,4.5,2,8
HARD,BOSS,CHESTPLATES,30,14,SHARPNESS,15,0.5,5,1.0,2,7
HARD,BOSS,CHESTPLATES,30,14,SMITE,8,0.2667,5.5,0.0,3,8
HARD,BOSS,CHESTPLATES,30,14,THORNS,11,0.3667,3,0.0,1,7
HARD,BOSS,CHESTPLATES,30,14,UNBREAKING,18,0.6,4.0,2.0,1,7
HARD,BOSS,CROSSBOWS,20,11,LOUD_STRIKES,1,0.05,2,0.0,2,2
HARD,BOSS,CROSSBOWS,20,11,MENDING,2,0.1,1.0,0.0,1,1
HARD,BOSS,CROSSBOWS,20,11,MULTISHOT,7,0.35,1,0.0,1,7
HARD,BOSS,CROSSBOWS,20,11,PIERCING,20,1.0,4.0,4.0,3,7
HARD,BOSS,CROSSBOWS,20,11,PROTECTION,2,0.1,2.5,0.0,2,3
HARD,BOSS,CROSSBOWS,20,11,QUICK_CHARGE,18,0.9,3.0,3.0,1,3
HARD,BOSS,CROSSBOWS,20,11,SHARPNESS,2,0.1,3.0,0.0,3,3
HARD,BOSS,CROSSBOWS,20,11,SMITE,2,0.1,5.0,0.0,5,5
HARD,BOSS,CROSSBOWS,20,11,UNBREAKING,17,0.85,4,4.0,2,5
HARD,BOSS,HELMETS,31,14,AQUA_AFFINITY,1,0.0323,1,0,1,1
HARD,BOSS,HELMETS,31,14,BANE_OF_ARTHROPODS,4,0.129,6.0,0,3,8
HARD,BOSS,HELMETS,31,14,BLAST_PROTECTION,13,0.4194,6,0,1,8
HARD,BOSS,HELMETS,31,14,CRITICAL_STRIKES,1,0.0323,2,0,2,2
HARD,BOSS,HELMETS,31,14,FEATHER_FALLING,4,0.129,3.5,0,3,5
HARD,BOSS,HELMETS,31,14,FIRE_PROTECTION,8,0.2581,4.5,0,1,8
HARD,BOSS,HELMETS,31,14,HUNTER,1,0.0323,2,0,2,2
HARD,BOSS,HELMETS,31,14,LOUD_STRIKES,13,0.4194,2,0,1,3
HARD,BOSS,HELMETS,31,14,MENDING,2,0.0645,1.0,0,1,1
HARD,BOSS,HELMETS,31,14,PROJECTILE_PROTECTION,19,0.6129,5,3,1,8
HARD,BOSS,HELMETS,31,14,PROTECTION,30,0.9677,4.5,4,2,7
HARD,BOSS,HELMETS,31,14,RESPIRATION,3,0.0968,2,0,1,2
HARD,BOSS,HELMETS,31,14,SHARPNESS,14,0.4516,5.0,0,3,7
HARD,BOSS,HELMETS,31,14,SMITE,7,0.2258,5,0,3,8
HARD,BOSS,HELMETS,31,14,THORNS,5,0.1613,3,0,2,3
HARD,BOSS,HELMETS,31,14,UNBREAKING,19,0.6129,4,2,2,10
HARD,BOSS,HOES,13,6,EFFICIENCY,4,0.3077,4.0,0,2,4
HARD,BOSS,HOES,13,6,FIRE_ASPECT,1,0.0769,2,0,2,2
HARD,BOSS,HOES,13,6,MENDING,4,0.3077,1.0,0,1,1
HARD,BOSS,HOES,13,6,SHARPNESS,9,0.6923,6,6,5,9
HARD,BOSS,HOES,13,6,SMITE,1,0.0769,6,0,6,6
HARD,BOSS,HOES,13,6,SWEEPING_EDGE,9,0.6923,3,3,2,5
HARD,BOSS,HOES,13,6,UNBREAKING,13,1.0,5,5,3,7
HARD,BOSS,LEGGINGS,30,14,BANE_OF_ARTHROPODS,6,0.2,5.0,0.0,3,6
HARD,BOSS,LEGGINGS,30,14,BLAST_PROTECTION,11,0.3667,4,0.0,1,6
HARD,BOSS,LEGGINGS,30,14,CRITICAL_STRIKES,1,0.0333,2,0.0,2,2
HARD,BOSS,LEGGINGS,30,14,DEPTH_STRIDER,2,0.0667,2.0,0.0,2,2
HARD,BOSS,LEGGINGS,30,14,EARTHQUAKE,1,0.0333,1,0.0,1,1
HARD,BOSS,LEGGINGS,30,14,FEATHER_FALLING,6,0.2,6.5,0.0,3,8
HARD,BOSS,LEGGINGS,30,14,FIRE_PROTECTION,12,0.4,5.0,0.0,1,8
HARD,BOSS,LEGGINGS,30,14,HUNTER,1,0.0333,2,0.0,2,2
HARD,BOSS,LEGGINGS,30,14,LOUD_STRIKES,12,0.4,2.0,0.0,1,2
HARD,BOSS,LEGGINGS,30,14,MENDING,2,0.0667,1.0,0.0,1,1
HARD,BOSS,LEGGINGS,30,14,PROJECTILE_PROTECTION,14,0.4667,4.0,0.0,1,8
HARD,BOSS,LEGGINGS,30,14,PROTECTION,29,0.9667,4,4.0,2,7
HARD,BOSS,LEGGINGS,30,14,SHARPNESS,14,0.4667,7.0,0.0,3,8
HARD,BOSS,LEGGINGS,30,14,SMITE,6,0.2,5.5,0.0,3,6
HARD,BOSS,LEGGINGS,30,14,THORNS,6,0.2,2.5,0.0,1,3
HARD,BOSS,LEGGINGS,30,14,UNBREAKING,18,0.6,4.0,2.0,1,5
HARD,BOSS,MACES,21,12,FIRE_ASPECT,4,0.1905,2.0,0,2,2
HARD,BOSS,MACES,21,12,KNOCKBACK,21,1.0,3,3,2,3
HARD,BOSS,MACES,21,12,MENDING,3,0.1429,1,0,1,1
HARD,BOSS,MACES,21,12,PROTECTION,2,0.0952,2.5,0,2,3
HARD,BOSS,MACES,21,12,SHARPNESS,21,1.0,6,6,4,9
HARD,BOSS,MACES,21,12,SMITE,2,0.0952,5.0,0,5,5
HARD,BOSS,MACES,21,12,THORNS,1,0.0476,3,0,3,3
HARD,BOSS,MACES,21,12,UNBREAKING,19,0.9048,4,4,2,6
HARD,BOSS,SHIELDS,10,6,BLAST_PROTECTION,2,0.2,5.5,0.0,5,6
HARD,BOSS,SHIELDS,10,6,FIRE_PROTECTION,2,0.2,5.5,0.0,5,6
HARD,BOSS,SHIELDS,10,6,FORTUNE,1,0.1,3,0.0,3,3
HARD,BOSS,SHIELDS,10,6,LOUD_STRIKES,8,0.8,2.0,2.0,1,2
HARD,BOSS,SHIELDS,10,6,LUCK_OF_THE_SEA,1,0.1,5,0.0,5,5
HARD,BOSS,SHIELDS,10,6,MENDING,3,0.3,3,0.0,1,5
HARD,BOSS,SHIELDS,10,6,PROJECTILE_PROTECTION,5,0.5,6,2.5,5,7
HARD,BOSS,SHIELDS,10,6,PROTECTION,7,0.7,7,4.5,3,8
HARD,BOSS,SHIELDS,10,6,SHARPNESS,3,0.3,4,0.0,3,7
HARD,BOSS,SHIELDS,10,6,SMITE,1,0.1,5,0.0,5,5
HARD,BOSS,SHIELDS,10,6,THORNS,3,0.3,6,0.0,2,6
HARD,BOSS,SHIELDS,10,6,UNBREAKING,9,0.9,5,5.0,4,8
HARD,BOSS,SHIELDS,10,6,VANISHING_CURSE,1,0.1,4,0.0,4,4
HARD,BOSS,SPEARS,22,13,FIRE_ASPECT,1,0.0455,2,0.0,2,2
HARD,BOSS,SPEARS,22,13,IMPALING,22,1.0,5.0,5.0,4,7
HARD,BOSS,SPEARS,22,13,LOYALTY,2,0.0909,2.0,0.0,2,2
HARD,BOSS,SPEARS,22,13,MENDING,3,0.1364,1,0.0,1,1
HARD,BOSS,SPEARS,22,13,PIERCING,8,0.3636,3.0,0.0,3,4
HARD,BOSS,SPEARS,22,13,PROTECTION,2,0.0909,2.5,0.0,2,3
HARD,BOSS,SPEARS,22,13,SHARPNESS,19,0.8636,6,5.0,3,8
HARD,BOSS,SPEARS,22,13,SMITE,4,0.1818,4.0,0.0,3,5
HARD,BOSS,SPEARS,22,13,UNBREAKING,18,0.8182,4.0,4.0,2,6
HARD,BOSS,SWORDS,20,10,BANE_OF_ARTHROPODS,10,0.5,5.0,2.0,4,6
HARD,BOSS,SWORDS,20,10,CRITICAL_STRIKES,2,0.1,3.5,0.0,3,4
HARD,BOSS,SWORDS,20,10,FIRE_ASPECT,6,0.3,2.0,0.0,1,4
HARD,BOSS,SWORDS,20,10,HUNTER,1,0.05,2,0.0,2,2
HARD,BOSS,SWORDS,20,10,KNOCKBACK,7,0.35,2,0.0,1,3
HARD,BOSS,SWORDS,20,10,LOOTING,3,0.15,5,0.0,2,6
HARD,BOSS,SWORDS,20,10,LOUD_STRIKES,1,0.05,2,0.0,2,2
HARD,BOSS,SWORDS,20,10,MENDING,1,0.05,1,0.0,1,1
HARD,BOSS,SWORDS,20,10,PROTECTION,2,0.1,3.0,0.0,3,3
HARD,BOSS,SWORDS,20,10,SHARPNESS,20,1.0,6.5,6.5,2,8
HARD,BOSS,SWORDS,20,10,SMITE,17,0.85,5,5.0,1,9
HARD,BOSS,SWORDS,20,10,SWEEPING_EDGE,6,0.3,2.0,0.0,1,4
HARD,BOSS,SWORDS,20,10,UNBREAKING,14,0.7,4.0,3.0,2,5
HARD,BOSS,TRIDENTS,4,3,BANE_OF_ARTHROPODS,1,0.25,1,0.0,1,1
HARD,BOSS,TRIDENTS,4,3,CHANNELING,1,0.25,1,0.0,1,1
HARD,BOSS,TRIDENTS,4,3,IMPALING,2,0.5,5.5,2.5,5,6
HARD,BOSS,TRIDENTS,4,3,LOUD_STRIKES,1,0.25,2,0.0,2,2
HARD,BOSS,TRIDENTS,4,3,LOYALTY,4,1.0,3.0,3.0,1,8
HARD,BOSS,TRIDENTS,4,3,MENDING,2,0.5,1.5,0.5,1,2
HARD,BOSS,TRIDENTS,4,3,PIERCING,1,0.25,1,0.0,1,1
HARD,BOSS,TRIDENTS,4,3,PROJECTILE_PROTECTION,1,0.25,4,0.0,4,4
HARD,BOSS,TRIDENTS,4,3,PROTECTION,1,0.25,5,0.0,5,5
HARD,BOSS,TRIDENTS,4,3,RIPTIDE,1,0.25,3,0.0,3,3
HARD,BOSS,TRIDENTS,4,3,SHARPNESS,2,0.5,5.0,2.5,5,5
HARD,BOSS,TRIDENTS,4,3,SMITE,2,0.5,2.5,0.5,1,4
HARD,BOSS,TRIDENTS,4,3,UNBREAKING,3,0.75,2,1.5,1,3
HARD,MINIBOSS,AXES,8,3,FIRE_ASPECT,1,0.125,2,0.0,2,2
HARD,MINIBOSS,AXES,8,3,FIRE_PROTECTION,1,0.125,3,0.0,3,3
HARD,MINIBOSS,AXES,8,3,KNOCKBACK,1,0.125,3,0.0,3,3
HARD,MINIBOSS,AXES,8,3,LOUD_STRIKES,2,0.25,2.0,0.0,2,2
HARD,MINIBOSS,AXES,8,3,PROJECTILE_PROTECTION,1,0.125,3,0.0,3,3
HARD,MINIBOSS,AXES,8,3,PROTECTION,3,0.375,4,0.0,3,6
HARD,MINIBOSS,AXES,8,3,SHARPNESS,6,0.75,3.5,3.0,2,5
HARD,MINIBOSS,AXES,8,3,SMITE,1,0.125,3,0.0,3,3
HARD,MINIBOSS,AXES,8,3,UNBREAKING,6,0.75,4.0,2.5,2,5
HARD,MINIBOSS,BOOTS,20,7,BANE_OF_ARTHROPODS,2,0.1,3.5,0.0,3,4
HARD,MINIBOSS,BOOTS,20,7,BLAST_PROTECTION,4,0.2,4.0,0.0,2,5
HARD,MINIBOSS,BOOTS,20,7,CRITICAL_STRIKES,1,0.05,2,0.0,2,2
HARD,MINIBOSS,BOOTS,20,7,DEPTH_STRIDER,1,0.05,3,0.0,3,3
HARD,MINIBOSS,BOOTS,20,7,FEATHER_FALLING,2,0.1,2.5,0.0,1,4
HARD,MINIBOSS,BOOTS,20,7,FIRE_PROTECTION,3,0.15,4,0.0,3,5
HARD,MINIBOSS,BOOTS,20,7,FROST_WALKER,3,0.15,2,0.0,1,2
HARD,MINIBOSS,BOOTS,20,7,LOUD_STRIKES,5,0.25,2,0.0,1,2
HARD,MINIBOSS,BOOTS,20,7,MENDING,1,0.05,1,0.0,1,1
HARD,MINIBOSS,BOOTS,20,7,PROJECTILE_PROTECTION,8,0.4,3.0,0.0,2,4
HARD,MINIBOSS,BOOTS,20,7,PROTECTION,16,0.8,3.0,3.0,1,7
HARD,MINIBOSS,BOOTS,20,7,SHARPNESS,9,0.45,4,0.0,2,6
HARD,MINIBOSS,BOOTS,20,7,SMITE,6,0.3,4.0,0.0,2,6
HARD,MINIBOSS,BOOTS,20,7,THORNS,2,0.1,2.5,0.0,2,3
HARD,MINIBOSS,BOOTS,20,7,UNBREAKING,11,0.55,3,1.5,1,5
HARD,MINIBOSS,BOWS,10,3,FLAME,5,0.5,2,0.5,1,7
HARD,MINIBOSS,BOWS,10,3,INFINITY,3,0.3,3,0.0,1,6
HARD,MINIBOSS,BOWS,10,3,LOUD_STRIKES,2,0.2,2.0,0.0,2,2
HARD,MINIBOSS,BOWS,10,3,POWER,7,0.7,3,2.0,2,5
HARD,MINIBOSS,BOWS,10,3,PROTECTION,1,0.1,3,0.0,3,3
HARD,MINIBOSS,BOWS,10,3,PUNCH,2,0.2,3.0,0.0,2,4
HARD,MINIBOSS,BOWS,10,3,SHARPNESS,1,0.1,3,0.0,3,3
HARD,MINIBOSS,BOWS,10,3,SMITE,1,0.1,5,0.0,5,5
HARD,MINIBOSS,BOWS,10,3,UNBREAKING,6,0.6,3.5,2.0,2,5
HARD,MINIBOSS,CHESTPLATES,21,6,BANE_OF_ARTHROPODS,1,0.0476,3,0,3,3
HARD,MINIBOSS,CHESTPLATES,21,6,BLAST_PROTECTION,6,0.2857,4.0,0,3,5
HARD,MINIBOSS,CHESTPLATES,21,6,FIRE_PROTECTION,6,0.2857,2.0,0,1,3
HARD,MINIBOSS,CHESTPLATES,21,6,LOUD_STRIKES,7,0.3333,2,0,1,2
HARD,MINIBOSS,CHESTPLATES,21,6,MENDING,1,0.0476,1,0,1,1
HARD,MINIBOSS,CHESTPLATES,21,6,PROJECTILE_PROTECTION,11,0.5238,3,2,2,6
HARD,MINIBOSS,CHESTPLATES,21,6,PROTECTION,19,0.9048,3,3,2,6
HARD,MINIBOSS,CHESTPLATES,21,6,SHARPNESS,8,0.381,3.5,0,1,6
HARD,MINIBOSS,CHESTPLATES,21,6,SMITE,3,0.1429,4,0,3,4
HARD,MINIBOSS,CHESTPLATES,21,6,THORNS,4,0.1905,2.0,0,1,7
HARD,MINIBOSS,CHESTPLATES,21,6,UNBREAKING,11,0.5238,3,1,1,5
HARD,MINIBOSS,CROSSBOWS,6,2,FLAME,1,0.1667,2,0.0,2,2
HARD,MINIBOSS,CROSSBOWS,6,2,INFINITY,1,0.1667,1,0.0,1,1
HARD,MINIBOSS,CROSSBOWS,6,2,LOUD_STRIKES,1,0.1667,2,0.0,2,2
HARD,MINIBOSS,CROSSBOWS,6,2,MULTISHOT,4,0.6667,2.0,1.0,1,4
HARD,MINIBOSS,CROSSBOWS,6,2,PIERCING,5,0.8333,3,3.0,2,4
HARD,MINIBOSS,CROSSBOWS,6,2,POWER,2,0.3333,3.0,0.0,3,3
HARD,MINIBOSS,CROSSBOWS,6,2,PROTECTION,1,0.1667,6,0.0,6,6
HARD,MINIBOSS,CROSSBOWS,6,2,QUICK_CHARGE,4,0.6667,3.0,2.5,2,3
HARD,MINIBOSS,CROSSBOWS,6,2,UNBREAKING,5,0.8333,4,3.0,2,5
HARD,MINIBOSS,HELMETS,20,6,AQUA_AFFINITY,1,0.05,1,0.0,1,1
HARD,MINIBOSS,HELMETS,20,6,BANE_OF_ARTHROPODS,3,0.15,3,0.0,3,4
HARD,MINIBOSS,HELMETS,20,6,BLAST_PROTECTION,3,0.15,5,0.0,2,6
HARD,MINIBOSS,HELMETS,20,6,FIRE_PROTECTION,4,0.2,3.5,0.0,3,4
HARD,MINIBOSS,HELMETS,20,6,LOUD_STRIKES,4,0.2,2.0,0.0,2,2
HARD,MINIBOSS,HELMETS,20,6,MENDING,1,0.05,1,0.0,1,1
HARD,MINIBOSS,HELMETS,20,6,PROJECTILE_PROTECTION,8,0.4,3.0,0.0,2,5
HARD,MINIBOSS,HELMETS,20,6,PROTECTION,17,0.85,3,3.0,1,5
HARD,MINIBOSS,HELMETS,20,6,RESPIRATION,4,0.2,1.5,0.0,1,2
HARD,MINIBOSS,HELMETS,20,6,SHARPNESS,9,0.45,4,0.0,2,7
HARD,MINIBOSS,HELMETS,20,6,SMITE,4,0.2,4.0,0.0,3,5
HARD,MINIBOSS,HELMETS,20,6,THORNS,1,0.05,2,0.0,2,2
HARD,MINIBOSS,HELMETS,20,6,UNBREAKING,11,0.55,3,1.5,1,5
HARD,MINIBOSS,HOES,1,1,SHARPNESS,1,1.0,7,7,7,7
HARD,MINIBOSS,HOES,1,1,SWEEPING_EDGE,1,1.0,4,4,4,4
HARD,MINIBOSS,HOES,1,1,UNBREAKING,1,1.0,5,5,5,5
HARD,MINIBOSS,LEGGINGS,20,6,BANE_OF_ARTHROPODS,4,0.2,3.5,0.0,3,4
HARD,MINIBOSS,LEGGINGS,20,6,BLAST_PROTECTION,3,0.15,3,0.0,3,5
HARD,MINIBOSS,LEGGINGS,20,6,DEPTH_STRIDER,4,0.2,2.0,0.0,2,2
HARD,MINIBOSS,LEGGINGS,20,6,FEATHER_FALLING,1,0.05,6,0.0,6,6
HARD,MINIBOSS,LEGGINGS,20,6,FIRE_PROTECTION,5,0.25,3,0.0,3,6
HARD,MINIBOSS,LEGGINGS,20,6,LOUD_STRIKES,4,0.2,2.0,0.0,1,2
HARD,MINIBOSS,LEGGINGS,20,6,MENDING,1,0.05,1,0.0,1,1
HARD,MINIBOSS,LEGGINGS,20,6,PROJECTILE_PROTECTION,6,0.3,2.5,0.0,2,5
HARD,MINIBOSS,LEGGINGS,20,6,PROTECTION,17,0.85,3,3.0,2,5
HARD,MINIBOSS,LEGGINGS,20,6,SHARPNESS,9,0.45,4,0.0,1,6
HARD,MINIBOSS,LEGGINGS,20,6,SMITE,4,0.2,4.0,0.0,4,7
HARD,MINIBOSS,LEGGINGS,20,6,THORNS,2,0.1,1.5,0.0,1,2
HARD,MINIBOSS,LEGGINGS,20,6,UNBREAKING,11,0.55,3,1.0,1,5
HARD,MINIBOSS,MACES,2,2,BREACH,1,0.5,5,2.5,5,5
HARD,MINIBOSS,MACES,2,2,DENSITY,1,0.5,4,2.0,4,4
HARD,MINIBOSS,MACES,2,2,KNOCKBACK,2,1.0,2.5,2.5,2,3
HARD,MINIBOSS,MACES,2,2,SHARPNESS,1,0.5,7,3.5,7,7
HARD,MINIBOSS,MACES,2,2,UNBREAKING,2,1.0,4.0,4.0,3,5
HARD,MINIBOSS,MACES,2,2,WIND_BURST,1,0.5,1,0.5,1,1
HARD,MINIBOSS,SHIELDS,6,2,BLAST_PROTECTION,2,0.3333,2.5,0.0,2,3
HARD,MINIBOSS,SHIELDS,6,2,LOUD_STRIKES,4,0.6667,1.5,1.0,1,2
HARD,MINIBOSS,SHIELDS,6,2,MENDING,1,0.1667,1,0.0,1,1
HARD,MINIBOSS,SHIELDS,6,2,PROJECTILE_PROTECTION,3,0.5,4,1.5,3,5
HARD,MINIBOSS,SHIELDS,6,2,PROTECTION,5,0.8333,4,4.0,3,6
HARD,MINIBOSS,SHIELDS,6,2,SHARPNESS,1,0.1667,3,0.0,3,3
HARD,MINIBOSS,SHIELDS,6,2,UNBREAKING,3,0.5,2,1.0,2,4
HARD,MINIBOSS,SPEARS,1,1,IMPALING,1,1.0,5,5,5,5
HARD,MINIBOSS,SPEARS,1,1,SHARPNESS,1,1.0,6,6,6,6
HARD,MINIBOSS,SPEARS,1,1,UNBREAKING,1,1.0,5,5,5,5
HARD,MINIBOSS,SWORDS,9,4,BANE_OF_ARTHROPODS,1,0.1111,3,0,3,3
HARD,MINIBOSS,SWORDS,9,4,FIRE_ASPECT,4,0.4444,1.0,0,1,2
HARD,MINIBOSS,SWORDS,9,4,LOUD_STRIKES,2,0.2222,2.0,0,2,2
HARD,MINIBOSS,SWORDS,9,4,MENDING,1,0.1111,1,0,1,1
HARD,MINIBOSS,SWORDS,9,4,PROJECTILE_PROTECTION,1,0.1111,4,0,4,4
HARD,MINIBOSS,SWORDS,9,4,PROTECTION,1,0.1111,7,0,7,7
HARD,MINIBOSS,SWORDS,9,4,SHARPNESS,9,1.0,3,3,2,4
HARD,MINIBOSS,SWORDS,9,4,SMITE,4,0.4444,3.5,0,1,5
HARD,MINIBOSS,SWORDS,9,4,SWEEPING_EDGE,2,0.2222,1.0,0,1,1
HARD,MINIBOSS,SWORDS,9,4,UNBREAKING,4,0.4444,3.0,0,1,5
HARD,MINIBOSS,TRIDENTS,5,3,CHANNELING,2,0.4,2.5,0,1,4
HARD,MINIBOSS,TRIDENTS,5,3,FIRE_PROTECTION,1,0.2,3,0,3,3
HARD,MINIBOSS,TRIDENTS,5,3,IMPALING,3,0.6,5,4,4,6
HARD,MINIBOSS,TRIDENTS,5,3,LOUD_STRIKES,1,0.2,2,0,2,2
HARD,MINIBOSS,TRIDENTS,5,3,LOYALTY,5,1.0,3,3,1,5
HARD,MINIBOSS,TRIDENTS,5,3,RIPTIDE,2,0.4,3.0,0,3,3
HARD,MINIBOSS,TRIDENTS,5,3,SHARPNESS,1,0.2,3,0,3,3
HARD,MINIBOSS,TRIDENTS,5,3,UNBREAKING,3,0.6,3,2,2,5
HARD,TRASH,AXES,4,2,BANE_OF_ARTHROPODS,2,0.5,3.5,1.0,2,5
HARD,TRASH,AXES,4,2,PROTECTION,1,0.25,1,0.0,1,1
HARD,TRASH,AXES,4,2,SHARPNESS,4,1.0,4.0,4.0,3,4
HARD,TRASH,AXES,4,2,SMITE,1,0.25,3,0.0,3,3
HARD,TRASH,AXES,4,2,UNBREAKING,1,0.25,3,0.0,3,3
HARD,TRASH,BOOTS,25,6,BANE_OF_ARTHROPODS,1,0.04,3,0,3,3
HARD,TRASH,BOOTS,25,6,BLAST_PROTECTION,1,0.04,2,0,2,2
HARD,TRASH,BOOTS,25,6,FEATHER_FALLING,2,0.08,2.5,0,2,3
HARD,TRASH,BOOTS,25,6,FIRE_PROTECTION,1,0.04,1,0,1,1
HARD,TRASH,BOOTS,25,6,FROST_WALKER,3,0.12,2,0,1,2
HARD,TRASH,BOOTS,25,6,LOUD_STRIKES,5,0.2,2,0,2,2
HARD,TRASH,BOOTS,25,6,PROJECTILE_PROTECTION,6,0.24,2.0,0,2,3
HARD,TRASH,BOOTS,25,6,PROTECTION,20,0.8,2.0,2,1,4
HARD,TRASH,BOOTS,25,6,SHARPNESS,11,0.44,3,0,2,5
HARD,TRASH,BOOTS,25,6,SMITE,3,0.12,3,0,2,3
HARD,TRASH,BOOTS,25,6,THORNS,1,0.04,2,0,2,2
HARD,TRASH,BOOTS,25,6,UNBREAKING,7,0.28,2,0,1,5
HARD,TRASH,BOOTS,25,6,VANISHING_CURSE,1,0.04,1,0,1,1
HARD,TRASH,BOWS,10,4,FLAME,3,0.3,1,0.0,1,2
HARD,TRASH,BOWS,10,4,INFINITY,2,0.2,1.0,0.0,1,1
HARD,TRASH,BOWS,10,4,LOUD_STRIKES,1,0.1,2,0.0,2,2
HARD,TRASH,BOWS,10,4,POWER,6,0.6,2.5,2.0,2,3
HARD,TRASH,BOWS,10,4,PROTECTION,1,0.1,1,0.0,1,1
HARD,TRASH,BOWS,10,4,SHARPNESS,3,0.3,3,0.0,2,4
HARD,TRASH,BOWS,10,4,SMITE,2,0.2,2.5,0.0,2,3
HARD,TRASH,BOWS,10,4,UNBREAKING,5,0.5,2,1.0,2,5
HARD,TRASH,CHESTPLATES,24,6,BANE_OF_ARTHROPODS,1,0.0417,2,0.0,2,2
HARD,TRASH,CHESTPLATES,24,6,BLAST_PROTECTION,3,0.125,2,0.0,1,3
HARD,TRASH,CHESTPLATES,24,6,FIRE_PROTECTION,4,0.1667,1.5,0.0,1,3
HARD,TRASH,CHESTPLATES,24,6,LOUD_STRIKES,5,0.2083,2,0.0,2,2
HARD,TRASH,CHESTPLATES,24,6,PROJECTILE_PROTECTION,5,0.2083,2,0.0,2,3
HARD,TRASH,CHESTPLATES,24,6,PROTECTION,18,0.75,2.0,2.0,2,6
HARD,TRASH,CHESTPLATES,24,6,SHARPNESS,9,0.375,3,0.0,1,4
HARD,TRASH,CHESTPLATES,24,6,SMITE,5,0.2083,4,0.0,3,5
HARD,TRASH,CHESTPLATES,24,6,THORNS,1,0.0417,2,0.0,2,2
HARD,TRASH,CHESTPLATES,24,6,UNBREAKING,7,0.2917,2,0.0,2,5
HARD,TRASH,CROSSBOWS,2,1,LOUD_STRIKES,2,1.0,2.0,2.0,2,2
HARD,TRASH,CROSSBOWS,2,1,PIERCING,1,0.5,2,1.0,2,2
HARD,TRASH,CROSSBOWS,2,1,PROTECTION,2,1.0,3.0,3.0,3,3
HARD,TRASH,CROSSBOWS,2,1,UNBREAKING,1,0.5,5,2.5,5,5
HARD,TRASH,HELMETS,24,6,BLAST_PROTECTION,3,0.125,3,0.0,2,3
HARD,TRASH,HELMETS,24,6,FIRE_PROTECTION,1,0.0417,1,0.0,1,1
HARD,TRASH,HELMETS,24,6,LOUD_STRIKES,6,0.25,2.0,0.0,2,2
HARD,TRASH,HELMETS,24,6,PROJECTILE_PROTECTION,6,0.25,2.0,0.0,2,5
HARD,TRASH,HELMETS,24,6,PROTECTION,19,0.7917,2,2.0,1,4
HARD,TRASH,HELMETS,24,6,RESPIRATION,1,0.0417,2,0.0,2,2
HARD,TRASH,HELMETS,24,6,SHARPNESS,11,0.4583,3,0.0,2,4
HARD,TRASH,HELMETS,24,6,SMITE,4,0.1667,2.5,0.0,2,5
HARD,TRASH,HELMETS,24,6,THORNS,1,0.0417,2,0.0,2,2
HARD,TRASH,HELMETS,24,6,UNBREAKING,7,0.2917,2,0.0,2,5
HARD,TRASH,HOES,1,1,MENDING,1,1.0,2,2,2,2
HARD,TRASH,HOES,1,1,UNBREAKING,1,1.0,3,3,3,3
HARD,TRASH,LEGGINGS,25,6,BANE_OF_ARTHROPODS,1,0.04,3,0,3,3
HARD,TRASH,LEGGINGS,25,6,BLAST_PROTECTION,6,0.24,3.0,0,1,5
HARD,TRASH,LEGGINGS,25,6,DEPTH_STRIDER,1,0.04,2,0,2,2
HARD,TRASH,LEGGINGS,25,6,FEATHER_FALLING,1,0.04,3,0,3,3
HARD,TRASH,LEGGINGS,25,6,FIRE_PROTECTION,2,0.08,3.0,0,1,5
HARD,TRASH,LEGGINGS,25,6,LOUD_STRIKES,8,0.32,2.0,0,2,2
HARD,TRASH,LEGGINGS,25,6,PROJECTILE_PROTECTION,7,0.28,2,0,1,4
HARD,TRASH,LEGGINGS,25,6,PROTECTION,20,0.8,3.0,2,2,5
HARD,TRASH,LEGGINGS,25,6,SHARPNESS,7,0.28,3,0,1,4
HARD,TRASH,LEGGINGS,25,6,SMITE,3,0.12,3,0,3,4
HARD,TRASH,LEGGINGS,25,6,THORNS,1,0.04,2,0,2,2
HARD,TRASH,LEGGINGS,25,6,UNBREAKING,7,0.28,2,0,2,5
HARD,TRASH,SHIELDS,8,4,BLAST_PROTECTION,1,0.125,2,0.0,2,2
HARD,TRASH,SHIELDS,8,4,LOUD_STRIKES,4,0.5,2.0,1.0,2,2
HARD,TRASH,SHIELDS,8,4,MENDING,1,0.125,1,0.0,1,1
HARD,TRASH,SHIELDS,8,4,PROJECTILE_PROTECTION,2,0.25,2.5,0.0,2,3
HARD,TRASH,SHIELDS,8,4,PROTECTION,6,0.75,3.0,2.5,2,3
HARD,TRASH,SHIELDS,8,4,UNBREAKING,4,0.5,2.5,1.0,2,5
HARD,TRASH,SWORDS,15,5,BANE_OF_ARTHROPODS,1,0.0667,1,0,1,1
HARD,TRASH,SWORDS,15,5,FIRE_ASPECT,3,0.2,1,0,1,2
HARD,TRASH,SWORDS,15,5,LOUD_STRIKES,1,0.0667,2,0,2,2
HARD,TRASH,SWORDS,15,5,PROTECTION,1,0.0667,1,0,1,1
HARD,TRASH,SWORDS,15,5,SHARPNESS,15,1.0,3,3,2,5
HARD,TRASH,SWORDS,15,5,SMITE,7,0.4667,2,0,1,4
HARD,TRASH,SWORDS,15,5,SWEEPING_EDGE,3,0.2,1,0,1,3
HARD,TRASH,SWORDS,15,5,UNBREAKING,5,0.3333,2,0,2,5
MYTHIC,BOSS,AXES,10,4,BANE_OF_ARTHROPODS,2,0.2,7.0,0.0,3,11
MYTHIC,BOSS,AXES,10,4,BLAST_PROTECTION,1,0.1,6,0.0,6,6
MYTHIC,BOSS,AXES,10,4,CRITICAL_STRIKES,1,0.1,3,0.0,3,3
MYTHIC,BOSS,AXES,10,4,FIRE_ASPECT,1,0.1,2,0.0,2,2
MYTHIC,BOSS,AXES,10,4,FIRE_PROTECTION,2,0.2,9.0,0.0,8,10
MYTHIC,BOSS,AXES,10,4,LOUD_STRIKES,6,0.6,3.0,2.5,2,4
MYTHIC,BOSS,AXES,10,4,MENDING,1,0.1,1,0.0,1,1
MYTHIC,BOSS,AXES,10,4,PROJECTILE_PROTECTION,4,0.4,6.0,0.0,6,7
MYTHIC,BOSS,AXES,10,4,PROTECTION,4,0.4,10.0,0.0,5,10
MYTHIC,BOSS,AXES,10,4,SHARPNESS,8,0.8,6.0,5.0,4,12
MYTHIC,BOSS,AXES,10,4,SMITE,1,0.1,5,0.0,5,5
MYTHIC,BOSS,AXES,10,4,UNBREAKING,8,0.8,6.0,4.5,3,9
MYTHIC,BOSS,BOOTS,30,14,BANE_OF_ARTHROPODS,5,0.1667,6,0.0,6,10
MYTHIC,BOSS,BOOTS,30,14,BLAST_PROTECTION,10,0.3333,5.0,0.0,2,8
MYTHIC,BOSS,BOOTS,30,14,CRITICAL_STRIKES,1,0.0333,3,0.0,3,3
MYTHIC,BOSS,BOOTS,30,14,DEPTH_STRIDER,2,0.0667,3.5,0.0,3,4
MYTHIC,BOSS,BOOTS,30,14,FEATHER_FALLING,9,0.3,6,0.0,2,10
MYTHIC,BOSS,BOOTS,30,14,FIRE_PROTECTION,12,0.4,5.0,0.0,2,8
MYTHIC,BOSS,BOOTS,30,14,FLAMETHROWER,1,0.0333,2,0.0,2,2
MYTHIC,BOSS,BOOTS,30,14,FROST_WALKER,2,0.0667,2.5,0.0,2,3
MYTHIC,BOSS,BOOTS,30,14,HUNTER,1,0.0333,3,0.0,3,3
MYTHIC,BOSS,BOOTS,30,14,LOUD_STRIKES,10,0.3333,3.0,0.0,2,3
MYTHIC,BOSS,BOOTS,30,14,MENDING,2,0.0667,1.0,0.0,1,1
MYTHIC,BOSS,BOOTS,30,14,PROJECTILE_PROTECTION,12,0.4,5.0,0.0,2,8
MYTHIC,BOSS,BOOTS,30,14,PROTECTION,27,0.9,5,5.0,3,11
MYTHIC,BOSS,BOOTS,30,14,SHARPNESS,17,0.5667,8,4.0,2,11
MYTHIC,BOSS,BOOTS,30,14,SMITE,6,0.2,7.5,0.0,5,10
MYTHIC,BOSS,BOOTS,30,14,THORNS,7,0.2333,3,0.0,2,4
MYTHIC,BOSS,BOOTS,30,14,UNBREAKING,18,0.6,5.0,3.0,2,7
MYTHIC,BOSS,BOWS,21,13,FLAME,12,0.5714,2.0,1,1,10
MYTHIC,BOSS,BOWS,21,13,INFINITY,11,0.5238,1,1,1,7
MYTHIC,BOSS,BOWS,21,13,MENDING,3,0.1429,1,0,1,1
MYTHIC,BOSS,BOWS,21,13,POWER,21,1.0,7,7,4,10
MYTHIC,BOSS,BOWS,21,13,PROTECTION,1,0.0476,4,0,4,4
MYTHIC,BOSS,BOWS,21,13,PUNCH,16,0.7619,2.0,2,1,5
MYTHIC,BOSS,BOWS,21,13,SMITE,1,0.0476,7,0,7,7
MYTHIC,BOSS,BOWS,21,13,UNBREAKING,19,0.9048,5,5,3,7
MYTHIC,BOSS,CHESTPLATES,30,14,BANE_OF_ARTHROPODS,7,0.2333,6,0.0,4,8
MYTHIC,BOSS,CHESTPLATES,30,14,BLAST_PROTECTION,13,0.4333,5,0.0,2,10
MYTHIC,BOSS,CHESTPLATES,30,14,CRITICAL_STRIKES,1,0.0333,3,0.0,3,3
MYTHIC,BOSS,CHESTPLATES,30,14,FEATHER_FALLING,4,0.1333,4.0,0.0,4,6
MYTHIC,BOSS,CHESTPLATES,30,14,FIRE_PROTECTION,13,0.4333,5,0.0,2,8
MYTHIC,BOSS,CHESTPLATES,30,14,HUNTER,1,0.0333,3,0.0,3,3
MYTHIC,BOSS,CHESTPLATES,30,14,LOUD_STRIKES,11,0.3667,3,0.0,1,3
MYTHIC,BOSS,CHESTPLATES,30,14,MENDING,2,0.0667,1.0,0.0,1,1
MYTHIC,BOSS,CHESTPLATES,30,14,PROJECTILE_PROTECTION,12,0.4,5.0,0.0,2,8
MYTHIC,BOSS,CHESTPLATES,30,14,PROTECTION,29,0.9667,6,5.5,3,11
MYTHIC,BOSS,CHESTPLATES,30,14,SHARPNESS,15,0.5,7,1.0,2,10
MYTHIC,BOSS,CHESTPLATES,30,14,SMITE,8,0.2667,8.0,0.0,5,11
MYTHIC,BOSS,CHESTPLATES,30,14,THORNS,11,0.3667,3,0.0,2,10
MYTHIC,BOSS,CHESTPLATES,30,14,UNBREAKING,18,0.6,5.0,3.0,2,7
MYTHIC,BOSS,CROSSBOWS,20,11,LOUD_STRIKES,1,0.05,3,0.0,3,3
MYTHIC,BOSS,CROSSBOWS,20,11,MENDING,2,0.1,1.0,0.0,1,1
MYTHIC,BOSS,CROSSBOWS,20,11,MULTISHOT,8,0.4,1.0,0.0,1,10
MYTHIC,BOSS,CROSSBOWS,20,11,PIERCING,20,1.0,5.0,5.0,4,10
MYTHIC,BOSS,CROSSBOWS,20,11,PROTECTION,2,0.1,3.5,0.0,3,4
MYTHIC,BOSS,CROSSBOWS,20,11,QUICK_CHARGE,18,0.9,3.0,3.0,2,4
MYTHIC,BOSS,CROSSBOWS,20,11,SHARPNESS,2,0.1,4.5,0.0,4,5
MYTHIC,BOSS,CROSSBOWS,20,11,SMITE,2,0.1,7.0,0.0,7,7
MYTHIC,BOSS,CROSSBOWS,20,11,UNBREAKING,17,0.85,5,5.0,3,7
MYTHIC,BOSS,HELMETS,31,14,AQUA_AFFINITY,1,0.0323,2,0,2,2
MYTHIC,BOSS,HELMETS,31,14,BANE_OF_ARTHROPODS,4,0.129,7.5,0,4,11
MYTHIC,BOSS,HELMETS,31,14,BLAST_PROTECTION,13,0.4194,7,0,2,11
MYTHIC,BOSS,HELMETS,31,14,CRITICAL_STRIKES,1,0.0323,3,0,3,3
MYTHIC,BOSS,HELMETS,31,14,FEATHER_FALLING,4,0.129,5.0,0,4,6
MYTHIC,BOSS,HELMETS,31,14,FIRE_PROTECTION,8,0.2581,5.5,0,2,10
MYTHIC,BOSS,HELMETS,31,14,HUNTER,1,0.0323,3,0,3,3
MYTHIC,BOSS,HELMETS,31,14,LOUD_STRIKES,13,0.4194,3,0,2,3
MYTHIC,BOSS,HELMETS,31,14,MENDING,2,0.0645,1.0,0,1,1
MYTHIC,BOSS,HELMETS,31,14,PROJECTILE_PROTECTION,19,0.6129,6,4,2,10
MYTHIC,BOSS,HELMETS,31,14,PROTECTION,30,0.9677,5.0,5,3,10
MYTHIC,BOSS,HELMETS,31,14,RESPIRATION,3,0.0968,3,0,2,3
MYTHIC,BOSS,HELMETS,31,14,SHARPNESS,14,0.4516,6.0,0,4,10
MYTHIC,BOSS,HELMETS,31,14,SMITE,7,0.2258,7,0,4,10
MYTHIC,BOSS,HELMETS,31,14,THORNS,6,0.1935,3.0,0,1,4
MYTHIC,BOSS,HELMETS,31,14,UNBREAKING,19,0.6129,5,3,3,10
MYTHIC,BOSS,HELMETS,31,14,WATER_AFFINITY,1,0.0323,1,0,1,1
MYTHIC,BOSS,HOES,13,6,EFFICIENCY,4,0.3077,5.0,0,3,5
MYTHIC,BOSS,HOES,13,6,FIRE_ASPECT,2,0.1538,2.5,0,2,3
MYTHIC,BOSS,HOES,13,6,MENDING,4,0.3077,1.0,0,1,1
MYTHIC,BOSS,HOES,13,6,SHARPNESS,9,0.6923,8,7,6,11
MYTHIC,BOSS,HOES,13,6,SMITE,1,0.0769,7,0,7,7
MYTHIC,BOSS,HOES,13,6,SWEEPING_EDGE,9,0.6923,4,4,3,6
MYTHIC,BOSS,HOES,13,6,UNBREAKING,13,1.0,6,6,3,10
MYTHIC,BOSS,LEGGINGS,30,14,BANE_OF_ARTHROPODS,6,0.2,6.0,0.0,4,8
MYTHIC,BOSS,LEGGINGS,30,14,BLAST_PROTECTION,11,0.3667,5,0.0,2,8
MYTHIC,BOSS,LEGGINGS,30,14,CRITICAL_STRIKES,1,0.0333,3,0.0,3,3
MYTHIC,BOSS,LEGGINGS,30,14,DEPTH_STRIDER,2,0.0667,3.0,0.0,3,3
MYTHIC,BOSS,LEGGINGS,30,14,EARTHQUAKE,1,0.0333,2,0.0,2,2
MYTHIC,BOSS,LEGGINGS,30,14,FEATHER_FALLING,6,0.2,7.5,0.0,5,11
MYTHIC,BOSS,LEGGINGS,30,14,FIRE_PROTECTION,12,0.4,6.5,0.0,2,10
MYTHIC,BOSS,LEGGINGS,30,14,HUNTER,1,0.0333,3,0.0,3,3
MYTHIC,BOSS,LEGGINGS,30,14,LOUD_STRIKES,12,0.4,3.0,0.0,2,3
MYTHIC,BOSS,LEGGINGS,30,14,MENDING,2,0.0667,1.0,0.0,1,1
MYTHIC,BOSS,LEGGINGS,30,14,PROJECTILE_PROTECTION,14,0.4667,5.0,0.0,2,10
MYTHIC,BOSS,LEGGINGS,30,14,PROTECTION,29,0.9667,5,5.0,3,10
MYTHIC,BOSS,LEGGINGS,30,14,SHARPNESS,14,0.4667,10.0,0.0,4,11
MYTHIC,BOSS,LEGGINGS,30,14,SMITE,6,0.2,7.0,0.0,4,8
MYTHIC,BOSS,LEGGINGS,30,14,THORNS,6,0.2,3.0,0.0,2,4
MYTHIC,BOSS,LEGGINGS,30,14,UNBREAKING,18,0.6,5.0,3.0,2,7
MYTHIC,BOSS,MACES,21,12,CRITICAL_STRIKES,1,0.0476,3,0,3,3
MYTHIC,BOSS,MACES,21,12,FIRE_ASPECT,7,0.3333,2,0,2,3
MYTHIC,BOSS,MACES,21,12,KNOCKBACK,21,1.0,3,3,2,4
MYTHIC,BOSS,MACES,21,12,MENDING,3,0.1429,1,0,1,1
MYTHIC,BOSS,MACES,21,12,PROTECTION,2,0.0952,4.0,0,4,4
MYTHIC,BOSS,MACES,21,12,SHARPNESS,21,1.0,8,8,5,11
MYTHIC,BOSS,MACES,21,12,SMITE,2,0.0952,7.0,0,7,7
MYTHIC,BOSS,MACES,21,12,THORNS,1,0.0476,4,0,4,4
MYTHIC,BOSS,MACES,21,12,UNBREAKING,19,0.9048,5,5,3,7
MYTHIC,BOSS,SHIELDS,11,6,BLAST_PROTECTION,2,0.1818,7.0,0,6,8
MYTHIC,BOSS,SHIELDS,11,6,FIRE_PROTECTION,2,0.1818,8.0,0,8,8
MYTHIC,BOSS,SHIELDS,11,6,FORTUNE,1,0.0909,4,0,4,4
MYTHIC,BOSS,SHIELDS,11,6,HUNTER,1,0.0909,2,0,2,2
MYTHIC,BOSS,SHIELDS,11,6,LOUD_STRIKES,8,0.7273,3.0,3,2,3
MYTHIC,BOSS,SHIELDS,11,6,LUCK_OF_THE_SEA,2,0.1818,6.0,0,6,6
MYTHIC,BOSS,SHIELDS,11,6,MENDING,4,0.3636,2.5,0,1,6
MYTHIC,BOSS,SHIELDS,11,6,PROJECTILE_PROTECTION,5,0.4545,8,0,5,10
MYTHIC,BOSS,SHIELDS,11,6,PROTECTION,7,0.6364,10,5,4,10
MYTHIC,BOSS,SHIELDS,11,6,SHARPNESS,3,0.2727,5,0,4,10
MYTHIC,BOSS,SHIELDS,11,6,SMITE,1,0.0909,8,0,8,8
MYTHIC,BOSS,SHIELDS,11,6,THORNS,4,0.3636,7.0,0,3,7
MYTHIC,BOSS,SHIELDS,11,6,UNBREAKING,10,0.9091,8.0,8,4,11
MYTHIC,BOSS,SHIELDS,11,6,VANISHING_CURSE,1,0.0909,5,0,5,5
MYTHIC,BOSS,SPEARS,22,13,CRITICAL_STRIKES,1,0.0455,3,0.0,3,3
MYTHIC,BOSS,SPEARS,22,13,FIRE_ASPECT,1,0.0455,2,0.0,2,2
MYTHIC,BOSS,SPEARS,22,13,IMPALING,22,1.0,6.0,6.0,5,8
MYTHIC,BOSS,SPEARS,22,13,LOYALTY,5,0.2273,3,0.0,3,3
MYTHIC,BOSS,SPEARS,22,13,MENDING,3,0.1364,1,0.0,1,1
MYTHIC,BOSS,SPEARS,22,13,PIERCING,8,0.3636,4.0,0.0,3,5
MYTHIC,BOSS,SPEARS,22,13,PROTECTION,2,0.0909,4.0,0.0,4,4
MYTHIC,BOSS,SPEARS,22,13,SHARPNESS,19,0.8636,8,7.0,4,10
MYTHIC,BOSS,SPEARS,22,13,SMITE,4,0.1818,5.5,0.0,4,7
MYTHIC,BOSS,SPEARS,22,13,UNBREAKING,18,0.8182,5.0,5.0,3,7
MYTHIC,BOSS,SWORDS,18,9,BANE_OF_ARTHROPODS,10,0.5556,6.5,5.0,5,8
MYTHIC,BOSS,SWORDS,18,9,FIRE_ASPECT,5,0.2778,2,0.0,2,5
MYTHIC,BOSS,SWORDS,18,9,HUNTER,1,0.0556,3,0.0,3,3
MYTHIC,BOSS,SWORDS,18,9,KNOCKBACK,5,0.2778,3,0.0,2,4
MYTHIC,BOSS,SWORDS,18,9,LOOTING,1,0.0556,3,0.0,3,3
MYTHIC,BOSS,SWORDS,18,9,LOUD_STRIKES,1,0.0556,3,0.0,3,3
MYTHIC,BOSS,SWORDS,18,9,MENDING,1,0.0556,1,0.0,1,1
MYTHIC,BOSS,SWORDS,18,9,PROTECTION,2,0.1111,4.0,0.0,4,4
MYTHIC,BOSS,SWORDS,18,9,SHARPNESS,18,1.0,8.5,8.5,3,11
MYTHIC,BOSS,SWORDS,18,9,SMITE,15,0.8333,8,7.0,1,12
MYTHIC,BOSS,SWORDS,18,9,SWEEPING_EDGE,6,0.3333,3.0,0.0,2,5
MYTHIC,BOSS,SWORDS,18,9,UNBREAKING,12,0.6667,5.0,4.0,3,7
MYTHIC,BOSS,TRIDENTS,4,3,BANE_OF_ARTHROPODS,1,0.25,2,0.0,2,2
MYTHIC,BOSS,TRIDENTS,4,3,CHANNELING,1,0.25,2,0.0,2,2
MYTHIC,BOSS,TRIDENTS,4,3,IMPALING,2,0.5,6.5,3.0,6,7
MYTHIC,BOSS,TRIDENTS,4,3,LOUD_STRIKES,1,0.25,3,0.0,3,3
MYTHIC,BOSS,TRIDENTS,4,3,LOYALTY,4,1.0,4.0,4.0,2,10
MYTHIC,BOSS,TRIDENTS,4,3,MENDING,2,0.5,2.0,0.5,1,3
MYTHIC,BOSS,TRIDENTS,4,3,PIERCING,1,0.25,2,0.0,2,2
MYTHIC,BOSS,TRIDENTS,4,3,PROJECTILE_PROTECTION,1,0.25,5,0.0,5,5
MYTHIC,BOSS,TRIDENTS,4,3,PROTECTION,1,0.25,6,0.0,6,6
MYTHIC,BOSS,TRIDENTS,4,3,RIPTIDE,1,0.25,4,0.0,4,4
MYTHIC,BOSS,TRIDENTS,4,3,SHARPNESS,2,0.5,5.5,2.5,5,6
MYTHIC,BOSS,TRIDENTS,4,3,SMITE,2,0.5,3.5,1.0,2,5
MYTHIC,BOSS,TRIDENTS,4,3,UNBREAKING,3,0.75,3,2.5,2,4
MYTHIC,MINIBOSS,AXES,7,3,FIRE_ASPECT,1,0.1429,3,0,3,3
MYTHIC,MINIBOSS,AXES,7,3,FIRE_PROTECTION,1,0.1429,4,0,4,4
MYTHIC,MINIBOSS,AXES,7,3,KNOCKBACK,1,0.1429,4,0,4,4
MYTHIC,MINIBOSS,AXES,7,3,LOUD_STRIKES,1,0.1429,3,0,3,3
MYTHIC,MINIBOSS,AXES,7,3,PROTECTION,2,0.2857,5.0,0,3,7
MYTHIC,MINIBOSS,AXES,7,3,SHARPNESS,5,0.7143,4,4,3,7
MYTHIC,MINIBOSS,AXES,7,3,SMITE,1,0.1429,4,0,4,4
MYTHIC,MINIBOSS,AXES,7,3,UNBREAKING,5,0.7143,5,4,3,8
MYTHIC,MINIBOSS,BOOTS,20,7,BANE_OF_ARTHROPODS,2,0.1,4.5,0.0,4,5
MYTHIC,MINIBOSS,BOOTS,20,7,BLAST_PROTECTION,4,0.2,5.0,0.0,3,6
MYTHIC,MINIBOSS,BOOTS,20,7,CRITICAL_STRIKES,1,0.05,3,0.0,3,3
MYTHIC,MINIBOSS,BOOTS,20,7,DEPTH_STRIDER,1,0.05,4,0.0,4,4
MYTHIC,MINIBOSS,BOOTS,20,7,FEATHER_FALLING,2,0.1,4.0,0.0,2,6
MYTHIC,MINIBOSS,BOOTS,20,7,FIRE_PROTECTION,3,0.15,5,0.0,4,6
MYTHIC,MINIBOSS,BOOTS,20,7,FROST_WALKER,3,0.15,3,0.0,2,3
MYTHIC,MINIBOSS,BOOTS,20,7,LOUD_STRIKES,5,0.25,3,0.0,2,3
MYTHIC,MINIBOSS,BOOTS,20,7,MENDING,1,0.05,1,0.0,1,1
MYTHIC,MINIBOSS,BOOTS,20,7,PROJECTILE_PROTECTION,8,0.4,4.0,0.0,2,5
MYTHIC,MINIBOSS,BOOTS,20,7,PROTECTION,16,0.8,4.0,3.5,2,10
MYTHIC,MINIBOSS,BOOTS,20,7,SHARPNESS,9,0.45,5,0.0,3,8
MYTHIC,MINIBOSS,BOOTS,20,7,SMITE,6,0.3,5.5,0.0,3,8
MYTHIC,MINIBOSS,BOOTS,20,7,THORNS,2,0.1,3.5,0.0,3,4
MYTHIC,MINIBOSS,BOOTS,20,7,UNBREAKING,11,0.55,4,2.5,2,6
MYTHIC,MINIBOSS,BOWS,10,3,FLAME,5,0.5,2,0.5,1,10
MYTHIC,MINIBOSS,BOWS,10,3,INFINITY,3,0.3,4,0.0,1,8
MYTHIC,MINIBOSS,BOWS,10,3,LOUD_STRIKES,2,0.2,3.0,0.0,3,3
MYTHIC,MINIBOSS,BOWS,10,3,POWER,7,0.7,4,3.5,3,7
MYTHIC,MINIBOSS,BOWS,10,3,PROTECTION,1,0.1,4,0.0,4,4
MYTHIC,MINIBOSS,BOWS,10,3,PUNCH,2,0.2,3.5,0.0,2,5
MYTHIC,MINIBOSS,BOWS,10,3,SHARPNESS,1,0.1,5,0.0,5,5
MYTHIC,MINIBOSS,BOWS,10,3,SMITE,1,0.1,6,0.0,6,6
MYTHIC,MINIBOSS,BOWS,10,3,UNBREAKING,6,0.6,4.0,3.0,3,7
MYTHIC,MINIBOSS,CHESTPLATES,19,6,BANE_OF_ARTHROPODS,1,0.0526,4,0,4,4
MYTHIC,MINIBOSS,CHESTPLATES,19,6,BLAST_PROTECTION,5,0.2632,5,0,4,6
MYTHIC,MINIBOSS,CHESTPLATES,19,6,FIRE_PROTECTION,6,0.3158,3.5,0,2,5
MYTHIC,MINIBOSS,CHESTPLATES,19,6,LOUD_STRIKES,6,0.3158,3.0,0,2,3
MYTHIC,MINIBOSS,CHESTPLATES,19,6,MENDING,1,0.0526,1,0,1,1
MYTHIC,MINIBOSS,CHESTPLATES,19,6,PROJECTILE_PROTECTION,9,0.4737,4,0,2,7
MYTHIC,MINIBOSS,CHESTPLATES,19,6,PROTECTION,17,0.8947,4,4,3,7
MYTHIC,MINIBOSS,CHESTPLATES,19,6,SHARPNESS,7,0.3684,5,0,2,8
MYTHIC,MINIBOSS,CHESTPLATES,19,6,SMITE,3,0.1579,5,0,4,5
MYTHIC,MINIBOSS,CHESTPLATES,19,6,THORNS,4,0.2105,3.0,0,2,10
MYTHIC,MINIBOSS,CHESTPLATES,19,6,UNBREAKING,10,0.5263,3.5,2,2,6
MYTHIC,MINIBOSS,CROSSBOWS,6,2,FLAME,1,0.1667,3,0.0,3,3
MYTHIC,MINIBOSS,CROSSBOWS,6,2,INFINITY,1,0.1667,2,0.0,2,2
MYTHIC,MINIBOSS,CROSSBOWS,6,2,LOUD_STRIKES,1,0.1667,3,0.0,3,3
MYTHIC,MINIBOSS,CROSSBOWS,6,2,MULTISHOT,4,0.6667,3.5,2.0,1,5
MYTHIC,MINIBOSS,CROSSBOWS,6,2,PIERCING,5,0.8333,4,3.5,3,5
MYTHIC,MINIBOSS,CROSSBOWS,6,2,POWER,2,0.3333,3.0,0.0,3,3
MYTHIC,MINIBOSS,CROSSBOWS,6,2,PROTECTION,1,0.1667,8,0.0,8,8
MYTHIC,MINIBOSS,CROSSBOWS,6,2,QUICK_CHARGE,4,0.6667,3.0,3.0,3,3
MYTHIC,MINIBOSS,CROSSBOWS,6,2,UNBREAKING,5,0.8333,5,4.0,3,6
MYTHIC,MINIBOSS,HELMETS,20,6,AQUA_AFFINITY,1,0.05,2,0.0,2,2
MYTHIC,MINIBOSS,HELMETS,20,6,BANE_OF_ARTHROPODS,3,0.15,4,0.0,4,6
MYTHIC,MINIBOSS,HELMETS,20,6,BLAST_PROTECTION,3,0.15,6,0.0,3,7
MYTHIC,MINIBOSS,HELMETS,20,6,FIRE_PROTECTION,4,0.2,4.5,0.0,4,6
MYTHIC,MINIBOSS,HELMETS,20,6,LOUD_STRIKES,4,0.2,3.0,0.0,3,3
MYTHIC,MINIBOSS,HELMETS,20,6,MENDING,1,0.05,1,0.0,1,1
MYTHIC,MINIBOSS,HELMETS,20,6,PROJECTILE_PROTECTION,8,0.4,4.0,0.0,3,7
MYTHIC,MINIBOSS,HELMETS,20,6,PROTECTION,17,0.85,4,4.0,2,7
MYTHIC,MINIBOSS,HELMETS,20,6,RESPIRATION,4,0.2,2.5,0.0,1,3
MYTHIC,MINIBOSS,HELMETS,20,6,SHARPNESS,9,0.45,7,0.0,3,10
MYTHIC,MINIBOSS,HELMETS,20,6,SMITE,4,0.2,5.0,0.0,4,6
MYTHIC,MINIBOSS,HELMETS,20,6,THORNS,1,0.05,3,0.0,3,3
MYTHIC,MINIBOSS,HELMETS,20,6,UNBREAKING,11,0.55,4,2.5,2,6
MYTHIC,MINIBOSS,HOES,1,1,SHARPNESS,1,1.0,9,9,9,9
MYTHIC,MINIBOSS,HOES,1,1,SWEEPING_EDGE,1,1.0,5,5,5,5
MYTHIC,MINIBOSS,HOES,1,1,UNBREAKING,1,1.0,6,6,6,6
MYTHIC,MINIBOSS,LEGGINGS,20,6,BANE_OF_ARTHROPODS,4,0.2,5.0,0.0,4,6
MYTHIC,MINIBOSS,LEGGINGS,20,6,BLAST_PROTECTION,3,0.15,4,0.0,4,6
MYTHIC,MINIBOSS,LEGGINGS,20,6,DEPTH_STRIDER,4,0.2,3.0,0.0,3,3
MYTHIC,MINIBOSS,LEGGINGS,20,6,FEATHER_FALLING,1,0.05,8,0.0,8,8
MYTHIC,MINIBOSS,LEGGINGS,20,6,FIRE_PROTECTION,5,0.25,5,0.0,4,7
MYTHIC,MINIBOSS,LEGGINGS,20,6,LOUD_STRIKES,4,0.2,3.0,0.0,2,3
MYTHIC,MINIBOSS,LEGGINGS,20,6,MENDING,1,0.05,1,0.0,1,1
MYTHIC,MINIBOSS,LEGGINGS,20,6,PROJECTILE_PROTECTION,6,0.3,4.0,0.0,3,6
MYTHIC,MINIBOSS,LEGGINGS,20,6,PROTECTION,17,0.85,4,3.5,3,7
MYTHIC,MINIBOSS,LEGGINGS,20,6,SHARPNESS,9,0.45,6,0.0,2,8
MYTHIC,MINIBOSS,LEGGINGS,20,6,SMITE,4,0.2,5.0,0.0,5,10
MYTHIC,MINIBOSS,LEGGINGS,20,6,THORNS,2,0.1,2.5,0.0,2,3
MYTHIC,MINIBOSS,LEGGINGS,20,6,UNBREAKING,11,0.55,3,2.0,2,6
MYTHIC,MINIBOSS,MACES,2,2,BREACH,1,0.5,6,3.0,6,6
MYTHIC,MINIBOSS,MACES,2,2,DENSITY,1,0.5,5,2.5,5,5
MYTHIC,MINIBOSS,MACES,2,2,KNOCKBACK,2,1.0,3.0,3.0,3,3
MYTHIC,MINIBOSS,MACES,2,2,SHARPNESS,1,0.5,9,4.5,9,9
MYTHIC,MINIBOSS,MACES,2,2,UNBREAKING,2,1.0,5.0,5.0,4,6
MYTHIC,MINIBOSS,MACES,2,2,WIND_BURST,1,0.5,2,1.0,2,2
MYTHIC,MINIBOSS,SHIELDS,6,2,BLAST_PROTECTION,2,0.3333,4.0,0.0,4,4
MYTHIC,MINIBOSS,SHIELDS,6,2,LOUD_STRIKES,5,0.8333,2,2.0,1,3
MYTHIC,MINIBOSS,SHIELDS,6,2,MENDING,1,0.1667,2,0.0,2,2
MYTHIC,MINIBOSS,SHIELDS,6,2,PROJECTILE_PROTECTION,3,0.5,5,2.5,5,7
MYTHIC,MINIBOSS,SHIELDS,6,2,PROTECTION,5,0.8333,7,7.0,4,8
MYTHIC,MINIBOSS,SHIELDS,6,2,SHARPNESS,1,0.1667,4,0.0,4,4
MYTHIC,MINIBOSS,SHIELDS,6,2,UNBREAKING,3,0.5,3,1.5,3,7
MYTHIC,MINIBOSS,SPEARS,1,1,IMPALING,1,1.0,6,6,6,6
MYTHIC,MINIBOSS,SPEARS,1,1,SHARPNESS,1,1.0,8,8,8,8
MYTHIC,MINIBOSS,SPEARS,1,1,UNBREAKING,1,1.0,6,6,6,6
MYTHIC,MINIBOSS,SWORDS,9,4,BANE_OF_ARTHROPODS,1,0.1111,4,0,4,4
MYTHIC,MINIBOSS,SWORDS,9,4,FIRE_ASPECT,4,0.4444,2.0,0,2,2
MYTHIC,MINIBOSS,SWORDS,9,4,LOUD_STRIKES,2,0.2222,2.0,0,1,3
MYTHIC,MINIBOSS,SWORDS,9,4,MENDING,1,0.1111,1,0,1,1
MYTHIC,MINIBOSS,SWORDS,9,4,PROJECTILE_PROTECTION,1,0.1111,6,0,6,6
MYTHIC,MINIBOSS,SWORDS,9,4,PROTECTION,1,0.1111,10,0,10,10
MYTHIC,MINIBOSS,SWORDS,9,4,SHARPNESS,9,1.0,4,4,3,7
MYTHIC,MINIBOSS,SWORDS,9,4,SMITE,4,0.4444,5.0,0,1,7
MYTHIC,MINIBOSS,SWORDS,9,4,SWEEPING_EDGE,2,0.2222,2.0,0,2,2
MYTHIC,MINIBOSS,SWORDS,9,4,UNBREAKING,4,0.4444,3.5,0,2,6
MYTHIC,MINIBOSS,TRIDENTS,5,3,CHANNELING,2,0.4,4.0,0,2,6
MYTHIC,MINIBOSS,TRIDENTS,5,3,FIRE_PROTECTION,1,0.2,4,0,4,4
MYTHIC,MINIBOSS,TRIDENTS,5,3,IMPALING,3,0.6,6,5,5,8
MYTHIC,MINIBOSS,TRIDENTS,5,3,LOUD_STRIKES,1,0.2,3,0,3,3
MYTHIC,MINIBOSS,TRIDENTS,5,3,LOYALTY,5,1.0,4,4,2,8
MYTHIC,MINIBOSS,TRIDENTS,5,3,RIPTIDE,2,0.4,3.5,0,3,4
MYTHIC,MINIBOSS,TRIDENTS,5,3,SHARPNESS,1,0.2,4,0,4,4
MYTHIC,MINIBOSS,TRIDENTS,5,3,UNBREAKING,3,0.6,5,3,3,5
MYTHIC,TRASH,AXES,4,2,BANE_OF_ARTHROPODS,2,0.5,4.5,1.5,3,6
MYTHIC,TRASH,AXES,4,2,PROTECTION,1,0.25,3,0.0,3,3
MYTHIC,TRASH,AXES,4,2,SHARPNESS,4,1.0,5.0,5.0,4,5
MYTHIC,TRASH,AXES,4,2,SMITE,1,0.25,4,0.0,4,4
MYTHIC,TRASH,AXES,4,2,UNBREAKING,1,0.25,3,0.0,3,3
MYTHIC,TRASH,BOOTS,23,6,BANE_OF_ARTHROPODS,1,0.0435,5,0,5,5
MYTHIC,TRASH,BOOTS,23,6,BLAST_PROTECTION,1,0.0435,3,0,3,3
MYTHIC,TRASH,BOOTS,23,6,FEATHER_FALLING,2,0.087,4.0,0,3,5
MYTHIC,TRASH,BOOTS,23,6,FIRE_PROTECTION,1,0.0435,2,0,2,2
MYTHIC,TRASH,BOOTS,23,6,FROST_WALKER,3,0.1304,3,0,3,3
MYTHIC,TRASH,BOOTS,23,6,LOUD_STRIKES,5,0.2174,3,0,3,3
MYTHIC,TRASH,BOOTS,23,6,PROJECTILE_PROTECTION,6,0.2609,3.5,0,2,5
MYTHIC,TRASH,BOOTS,23,6,PROTECTION,19,0.8261,3,3,1,5
MYTHIC,TRASH,BOOTS,23,6,SHARPNESS,10,0.4348,4.0,0,1,7
MYTHIC,TRASH,BOOTS,23,6,SMITE,1,0.0435,4,0,4,4
MYTHIC,TRASH,BOOTS,23,6,THORNS,1,0.0435,3,0,3,3
MYTHIC,TRASH,BOOTS,23,6,UNBREAKING,7,0.3043,3,0,2,5
MYTHIC,TRASH,BOOTS,23,6,VANISHING_CURSE,1,0.0435,3,0,3,3
MYTHIC,TRASH,BOWS,9,4,FLAME,3,0.3333,2,0,2,2
MYTHIC,TRASH,BOWS,9,4,INFINITY,2,0.2222,2.0,0,1,3
MYTHIC,TRASH,BOWS,9,4,LOUD_STRIKES,1,0.1111,3,0,3,3
MYTHIC,TRASH,BOWS,9,4,POWER,5,0.5556,4,3,3,4
MYTHIC,TRASH,BOWS,9,4,PROTECTION,1,0.1111,3,0,3,3
MYTHIC,TRASH,BOWS,9,4,SHARPNESS,3,0.3333,5,0,3,5
MYTHIC,TRASH,BOWS,9,4,SMITE,2,0.2222,3.5,0,3,4
MYTHIC,TRASH,BOWS,9,4,UNBREAKING,5,0.5556,3,2,2,5
MYTHIC,TRASH,CHESTPLATES,22,6,BANE_OF_ARTHROPODS,1,0.0455,3,0.0,3,3
MYTHIC,TRASH,CHESTPLATES,22,6,BLAST_PROTECTION,3,0.1364,3,0.0,2,4
MYTHIC,TRASH,CHESTPLATES,22,6,FIRE_PROTECTION,4,0.1818,2.5,0.0,2,5
MYTHIC,TRASH,CHESTPLATES,22,6,LOUD_STRIKES,5,0.2273,3,0.0,3,3
MYTHIC,TRASH,CHESTPLATES,22,6,PROJECTILE_PROTECTION,5,0.2273,3,0.0,2,5
MYTHIC,TRASH,CHESTPLATES,22,6,PROTECTION,17,0.7727,4,3.0,1,7
MYTHIC,TRASH,CHESTPLATES,22,6,SHARPNESS,10,0.4545,4.0,0.0,1,5
MYTHIC,TRASH,CHESTPLATES,22,6,SMITE,3,0.1364,7,0.0,5,7
MYTHIC,TRASH,CHESTPLATES,22,6,THORNS,1,0.0455,3,0.0,3,3
MYTHIC,TRASH,CHESTPLATES,22,6,UNBREAKING,7,0.3182,3,0.0,2,6
MYTHIC,TRASH,CROSSBOWS,2,1,LOUD_STRIKES,2,1.0,3.0,3.0,3,3
MYTHIC,TRASH,CROSSBOWS,2,1,PIERCING,1,0.5,3,1.5,3,3
MYTHIC,TRASH,CROSSBOWS,2,1,PROTECTION,2,1.0,4.5,4.5,4,5
MYTHIC,TRASH,CROSSBOWS,2,1,UNBREAKING,1,0.5,7,3.5,7,7
MYTHIC,TRASH,HELMETS,22,6,BLAST_PROTECTION,3,0.1364,4,0.0,3,5
MYTHIC,TRASH,HELMETS,22,6,FIRE_PROTECTION,1,0.0455,2,0.0,2,2
MYTHIC,TRASH,HELMETS,22,6,LOUD_STRIKES,6,0.2727,3.0,0.0,3,3
MYTHIC,TRASH,HELMETS,22,6,PROJECTILE_PROTECTION,6,0.2727,3.0,0.0,3,7
MYTHIC,TRASH,HELMETS,22,6,PROTECTION,18,0.8182,3.0,3.0,1,5
MYTHIC,TRASH,HELMETS,22,6,RESPIRATION,1,0.0455,3,0.0,3,3
MYTHIC,TRASH,HELMETS,22,6,SHARPNESS,10,0.4545,4.5,0.0,1,5
MYTHIC,TRASH,HELMETS,22,6,SMITE,2,0.0909,5.0,0.0,3,7
MYTHIC,TRASH,HELMETS,22,6,THORNS,1,0.0455,3,0.0,3,3
MYTHIC,TRASH,HELMETS,22,6,UNBREAKING,7,0.3182,3,0.0,3,6
MYTHIC,TRASH,HOES,1,1,MENDING,1,1.0,2,2,2,2
MYTHIC,TRASH,HOES,1,1,UNBREAKING,1,1.0,6,6,6,6
MYTHIC,TRASH,LEGGINGS,23,6,BANE_OF_ARTHROPODS,1,0.0435,5,0,5,5
MYTHIC,TRASH,LEGGINGS,23,6,BLAST_PROTECTION,6,0.2609,4.5,0,2,7
MYTHIC,TRASH,LEGGINGS,23,6,DEPTH_STRIDER,1,0.0435,3,0,3,3
MYTHIC,TRASH,LEGGINGS,23,6,FEATHER_FALLING,1,0.0435,4,0,4,4
MYTHIC,TRASH,LEGGINGS,23,6,FIRE_PROTECTION,2,0.087,4.0,0,2,6
MYTHIC,TRASH,LEGGINGS,23,6,LOUD_STRIKES,8,0.3478,3.0,0,3,3
MYTHIC,TRASH,LEGGINGS,23,6,PROJECTILE_PROTECTION,7,0.3043,4,0,2,6
MYTHIC,TRASH,LEGGINGS,23,6,PROTECTION,19,0.8261,4,4,1,7
MYTHIC,TRASH,LEGGINGS,23,6,SHARPNESS,8,0.3478,3.5,0,1,5
MYTHIC,TRASH,LEGGINGS,23,6,SMITE,1,0.0435,3,0,3,3
MYTHIC,TRASH,LEGGINGS,23,6,THORNS,1,0.0435,3,0,3,3
MYTHIC,TRASH,LEGGINGS,23,6,UNBREAKING,7,0.3043,3,0,3,6
MYTHIC,TRASH,SHIELDS,8,4,BLAST_PROTECTION,1,0.125,3,0.0,3,3
MYTHIC,TRASH,SHIELDS,8,4,LOUD_STRIKES,6,0.75,3.0,2.0,1,3
MYTHIC,TRASH,SHIELDS,8,4,MENDING,1,0.125,2,0.0,2,2
MYTHIC,TRASH,SHIELDS,8,4,PROJECTILE_PROTECTION,2,0.25,3.5,0.0,3,4
MYTHIC,TRASH,SHIELDS,8,4,PROTECTION,6,0.75,4.0,3.5,3,5
MYTHIC,TRASH,SHIELDS,8,4,SHARPNESS,1,0.125,1,0.0,1,1
MYTHIC,TRASH,SHIELDS,8,4,UNBREAKING,4,0.5,3.5,1.5,3,7
MYTHIC,TRASH,SWORDS,13,5,BANE_OF_ARTHROPODS,1,0.0769,1,0,1,1
MYTHIC,TRASH,SWORDS,13,5,FIRE_ASPECT,3,0.2308,2,0,2,2
MYTHIC,TRASH,SWORDS,13,5,LOUD_STRIKES,1,0.0769,1,0,1,1
MYTHIC,TRASH,SWORDS,13,5,PROTECTION,2,0.1538,2.0,0,1,3
MYTHIC,TRASH,SWORDS,13,5,SHARPNESS,13,1.0,4,4,3,7
MYTHIC,TRASH,SWORDS,13,5,SMITE,5,0.3846,3,0,1,4
MYTHIC,TRASH,SWORDS,13,5,SWEEPING_EDGE,3,0.2308,2,0,2,4
MYTHIC,TRASH,SWORDS,13,5,UNBREAKING,5,0.3846,3,0,3,6
NEUTRAL,BOSS,AXES,9,9,AQUA_AFFINITY,1,0.1111,5,0,5,5
NEUTRAL,BOSS,AXES,9,9,BANE_OF_ARTHROPODS,2,0.2222,2.0,0,1,3
NEUTRAL,BOSS,AXES,9,9,CRITICAL_STRIKES,1,0.1111,3,0,3,3
NEUTRAL,BOSS,AXES,9,9,EFFICIENCY,1,0.1111,5,0,5,5
NEUTRAL,BOSS,AXES,9,9,FIRE_ASPECT,4,0.4444,2.0,0,1,4
NEUTRAL,BOSS,AXES,9,9,KNOCKBACK,3,0.3333,3,0,3,4
NEUTRAL,BOSS,AXES,9,9,LIGHTNING,1,0.1111,1,0,1,1
NEUTRAL,BOSS,AXES,9,9,LOOTING,2,0.2222,4.0,0,3,5
NEUTRAL,BOSS,AXES,9,9,SHARPNESS,9,1.0,5,5,3,10
NEUTRAL,BOSS,AXES,9,9,SMITE,5,0.5556,3,1,1,5
NEUTRAL,BOSS,AXES,9,9,SWEEPING_EDGE,3,0.3333,1,0,1,3
NEUTRAL,BOSS,AXES,9,9,UNBREAKING,7,0.7778,3,3,1,5
NEUTRAL,BOSS,AXES,9,9,VANISHING_CURSE,1,0.1111,1,0,1,1
NEUTRAL,BOSS,BOOTS,17,10,BLAST_PROTECTION,3,0.1765,1,0,1,1
NEUTRAL,BOSS,BOOTS,17,10,DEPTH_STRIDER,2,0.1176,2.5,0,2,3
NEUTRAL,BOSS,BOOTS,17,10,FEATHER_FALLING,5,0.2941,4,0,3,5
NEUTRAL,BOSS,BOOTS,17,10,FIRE_PROTECTION,1,0.0588,5,0,5,5
NEUTRAL,BOSS,BOOTS,17,10,FROST_WALKER,2,0.1176,2.5,0,2,3
NEUTRAL,BOSS,BOOTS,17,10,MENDING,1,0.0588,1,0,1,1
NEUTRAL,BOSS,BOOTS,17,10,PLASMA_BOOTS,1,0.0588,3,0,3,3
NEUTRAL,BOSS,BOOTS,17,10,PROJECTILE_PROTECTION,7,0.4118,2,0,1,5
NEUTRAL,BOSS,BOOTS,17,10,PROTECTION,13,0.7647,4,3,2,6
NEUTRAL,BOSS,BOOTS,17,10,THORNS,1,0.0588,1,0,1,1
NEUTRAL,BOSS,BOOTS,17,10,UNBREAKING,14,0.8235,3.0,3,1,5
NEUTRAL,BOSS,BOOTS,17,10,VANISHING_CURSE,5,0.2941,1,0,1,1
NEUTRAL,BOSS,BOWS,11,9,FLAME,4,0.3636,2.0,0,1,5
NEUTRAL,BOSS,BOWS,11,9,INFINITY,10,0.9091,1.0,1,1,2
NEUTRAL,BOSS,BOWS,11,9,LIGHTNING,1,0.0909,3,0,3,3
NEUTRAL,BOSS,BOWS,11,9,LOOTING,1,0.0909,2,0,2,2
NEUTRAL,BOSS,BOWS,11,9,MENDING,1,0.0909,1,0,1,1
NEUTRAL,BOSS,BOWS,11,9,POWER,11,1.0,5,5,1,10
NEUTRAL,BOSS,BOWS,11,9,PUNCH,5,0.4545,2,0,1,3
NEUTRAL,BOSS,BOWS,11,9,UNBREAKING,8,0.7273,3.0,3,1,5
NEUTRAL,BOSS,BOWS,11,9,VANISHING_CURSE,3,0.2727,1,0,1,1
NEUTRAL,BOSS,CHESTPLATES,17,10,BLAST_PROTECTION,3,0.1765,1,0,1,1
NEUTRAL,BOSS,CHESTPLATES,17,10,FIRE_PROTECTION,5,0.2941,4,0,1,5
NEUTRAL,BOSS,CHESTPLATES,17,10,MENDING,1,0.0588,1,0,1,1
NEUTRAL,BOSS,CHESTPLATES,17,10,PROJECTILE_PROTECTION,7,0.4118,2,0,1,5
NEUTRAL,BOSS,CHESTPLATES,17,10,PROTECTION,14,0.8235,4.0,4,2,6
NEUTRAL,BOSS,CHESTPLATES,17,10,THORNS,4,0.2353,1.5,0,1,4
NEUTRAL,BOSS,CHESTPLATES,17,10,UNBREAKING,13,0.7647,3,3,1,5
NEUTRAL,BOSS,CHESTPLATES,17,10,VANISHING_CURSE,5,0.2941,1,0,1,1
NEUTRAL,BOSS,CROSSBOWS,10,10,MENDING,2,0.2,1.0,0.0,1,1
NEUTRAL,BOSS,CROSSBOWS,10,10,MULTISHOT,4,0.4,1.0,0.0,1,3
NEUTRAL,BOSS,CROSSBOWS,10,10,PIERCING,8,0.8,4.0,4.0,1,5
NEUTRAL,BOSS,CROSSBOWS,10,10,PUNCH,1,0.1,3,0.0,3,3
NEUTRAL,BOSS,CROSSBOWS,10,10,QUICK_CHARGE,9,0.9,3,3.0,2,5
NEUTRAL,BOSS,CROSSBOWS,10,10,SHARPNESS,1,0.1,5,0.0,5,5
NEUTRAL,BOSS,CROSSBOWS,10,10,UNBREAKING,9,0.9,3,3.0,1,5
NEUTRAL,BOSS,HELMETS,21,10,AQUA_AFFINITY,2,0.0952,1.0,0,1,1
NEUTRAL,BOSS,HELMETS,21,10,BANE_OF_ARTHROPODS,2,0.0952,1.0,0,1,1
NEUTRAL,BOSS,HELMETS,21,10,BLAST_PROTECTION,4,0.1905,1.0,0,1,4
NEUTRAL,BOSS,HELMETS,21,10,FEATHER_FALLING,1,0.0476,1,0,1,1
NEUTRAL,BOSS,HELMETS,21,10,FIRE_PROTECTION,2,0.0952,5.0,0,5,5
NEUTRAL,BOSS,HELMETS,21,10,MENDING,1,0.0476,1,0,1,1
NEUTRAL,BOSS,HELMETS,21,10,PROJECTILE_PROTECTION,7,0.3333,3,0,1,5
NEUTRAL,BOSS,HELMETS,21,10,PROTECTION,15,0.7143,4,3,2,6
NEUTRAL,BOSS,HELMETS,21,10,RESPIRATION,5,0.2381,3,0,3,3
NEUTRAL,BOSS,HELMETS,21,10,SHARPNESS,2,0.0952,3.0,0,3,3
NEUTRAL,BOSS,HELMETS,21,10,SMITE,2,0.0952,1.0,0,1,1
NEUTRAL,BOSS,HELMETS,21,10,THORNS,2,0.0952,1.0,0,1,1
NEUTRAL,BOSS,HELMETS,21,10,UNBREAKING,14,0.6667,3.0,2,1,5
NEUTRAL,BOSS,HELMETS,21,10,VANISHING_CURSE,4,0.1905,1.0,0,1,1
NEUTRAL,BOSS,HOES,6,6,EFFICIENCY,1,0.1667,5,0.0,5,5
NEUTRAL,BOSS,HOES,6,6,LUCK_OF_THE_SEA,1,0.1667,3,0.0,3,3
NEUTRAL,BOSS,HOES,6,6,MENDING,3,0.5,1,0.5,1,1
NEUTRAL,BOSS,HOES,6,6,SHARPNESS,5,0.8333,4,3.5,3,5
NEUTRAL,BOSS,HOES,6,6,SMITE,2,0.3333,3.5,0.0,3,4
NEUTRAL,BOSS,HOES,6,6,SWEEPING_EDGE,5,0.8333,2,2.0,1,3
NEUTRAL,BOSS,HOES,6,6,UNBREAKING,4,0.6667,3.0,2.0,1,6
NEUTRAL,BOSS,LEGGINGS,16,10,BLAST_PROTECTION,3,0.1875,1,0.0,1,3
NEUTRAL,BOSS,LEGGINGS,16,10,FEATHER_FALLING,3,0.1875,3,0.0,2,3
NEUTRAL,BOSS,LEGGINGS,16,10,FIRE_PROTECTION,1,0.0625,5,0.0,5,5
NEUTRAL,BOSS,LEGGINGS,16,10,MENDING,1,0.0625,1,0.0,1,1
NEUTRAL,BOSS,LEGGINGS,16,10,PROJECTILE_PROTECTION,6,0.375,3.0,0.0,1,5
NEUTRAL,BOSS,LEGGINGS,16,10,PROTECTION,12,0.75,4.0,4.0,2,7
NEUTRAL,BOSS,LEGGINGS,16,10,THORNS,2,0.125,2.5,0.0,1,4
NEUTRAL,BOSS,LEGGINGS,16,10,UNBREAKING,14,0.875,3.0,3.0,1,5
NEUTRAL,BOSS,LEGGINGS,16,10,VANISHING_CURSE,5,0.3125,1,0.0,1,1
NEUTRAL,BOSS,MACES,12,12,FIRE_ASPECT,3,0.25,2,0.0,1,3
NEUTRAL,BOSS,MACES,12,12,KNOCKBACK,12,1.0,2.0,2.0,2,5
NEUTRAL,BOSS,MACES,12,12,LIGHTNING,1,0.0833,1,0.0,1,1
NEUTRAL,BOSS,MACES,12,12,LOOTING,1,0.0833,2,0.0,2,2
NEUTRAL,BOSS,MACES,12,12,MENDING,2,0.1667,1.0,0.0,1,1
NEUTRAL,BOSS,MACES,12,12,SHARPNESS,12,1.0,5.0,5.0,3,10
NEUTRAL,BOSS,MACES,12,12,SMITE,2,0.1667,3.5,0.0,3,4
NEUTRAL,BOSS,MACES,12,12,UNBREAKING,9,0.75,3,3.0,1,5
NEUTRAL,BOSS,SHIELDS,5,5,LOUD_STRIKES,1,0.2,1,0,1,1
NEUTRAL,BOSS,SHIELDS,5,5,MENDING,2,0.4,1.0,0,1,1
NEUTRAL,BOSS,SHIELDS,5,5,PROJECTILE_PROTECTION,1,0.2,3,0,3,3
NEUTRAL,BOSS,SHIELDS,5,5,PROTECTION,2,0.4,5.0,0,5,5
NEUTRAL,BOSS,SHIELDS,5,5,UNBREAKING,5,1.0,3,3,1,5
NEUTRAL,BOSS,SPEARS,15,11,FIRE_ASPECT,1,0.0667,4,0,4,4
NEUTRAL,BOSS,SPEARS,15,11,IMPALING,15,1.0,4,4,2,6
NEUTRAL,BOSS,SPEARS,15,11,LOYALTY,1,0.0667,2,0,2,2
NEUTRAL,BOSS,SPEARS,15,11,MENDING,2,0.1333,1.0,0,1,1
NEUTRAL,BOSS,SPEARS,15,11,PIERCING,12,0.8,3.0,2,1,4
NEUTRAL,BOSS,SPEARS,15,11,SHARPNESS,14,0.9333,4.0,4,3,10
NEUTRAL,BOSS,SPEARS,15,11,SMITE,1,0.0667,5,0,5,5
NEUTRAL,BOSS,SPEARS,15,11,UNBREAKING,12,0.8,3.0,3,1,5
NEUTRAL,BOSS,SWORDS,15,11,BANE_OF_ARTHROPODS,2,0.1333,2.0,0,2,2
NEUTRAL,BOSS,SWORDS,15,11,CRITICAL_STRIKES,1,0.0667,3,0,3,3
NEUTRAL,BOSS,SWORDS,15,11,FIRE_ASPECT,5,0.3333,2,0,2,4
NEUTRAL,BOSS,SWORDS,15,11,HUNTER,1,0.0667,5,0,5,5
NEUTRAL,BOSS,SWORDS,15,11,IMPALING,2,0.1333,1.0,0,1,1
NEUTRAL,BOSS,SWORDS,15,11,KNOCKBACK,3,0.2,3,0,3,6
NEUTRAL,BOSS,SWORDS,15,11,LOOTING,1,0.0667,3,0,3,3
NEUTRAL,BOSS,SWORDS,15,11,MENDING,2,0.1333,1.0,0,1,1
NEUTRAL,BOSS,SWORDS,15,11,SHARPNESS,15,1.0,5,5,2,10
NEUTRAL,BOSS,SWORDS,15,11,SMITE,6,0.4,3.0,0,2,5
NEUTRAL,BOSS,SWORDS,15,11,SWEEPING_EDGE,7,0.4667,3,0,1,3
NEUTRAL,BOSS,SWORDS,15,11,UNBREAKING,10,0.6667,3.0,3,2,5
NEUTRAL,BOSS,SWORDS,15,11,VANISHING_CURSE,3,0.2,1,0,1,2
NEUTRAL,BOSS,TRIDENTS,6,5,CHANNELING,1,0.1667,3,0.0,3,3
NEUTRAL,BOSS,TRIDENTS,6,5,IMPALING,4,0.6667,3.5,1.5,1,5
NEUTRAL,BOSS,TRIDENTS,6,5,LOUD_STRIKES,1,0.1667,1,0.0,1,1
NEUTRAL,BOSS,TRIDENTS,6,5,LOYALTY,6,1.0,2.0,2.0,1,4
NEUTRAL,BOSS,TRIDENTS,6,5,PROTECTION,1,0.1667,5,0.0,5,5
NEUTRAL,BOSS,TRIDENTS,6,5,RIPTIDE,1,0.1667,3,0.0,3,3
NEUTRAL,BOSS,TRIDENTS,6,5,SHARPNESS,4,0.6667,5.0,3.5,2,5
NEUTRAL,BOSS,TRIDENTS,6,5,UNBREAKING,3,0.5,3,0.5,1,3
NEUTRAL,MINIBOSS,AXES,15,3,FIRE_ASPECT,2,0.1333,2.0,0,2,2
NEUTRAL,MINIBOSS,AXES,15,3,KNOCKBACK,2,0.1333,3.0,0,3,3
NEUTRAL,MINIBOSS,AXES,15,3,LIGHTNING,2,0.1333,2.0,0,2,2
NEUTRAL,MINIBOSS,AXES,15,3,LOOTING,2,0.1333,2.5,0,2,3
NEUTRAL,MINIBOSS,AXES,15,3,SHARPNESS,15,1.0,5,5,3,6
NEUTRAL,MINIBOSS,AXES,15,3,SMITE,1,0.0667,2,0,2,2
NEUTRAL,MINIBOSS,AXES,15,3,SWEEPING_EDGE,5,0.3333,3,0,3,3
NEUTRAL,MINIBOSS,AXES,15,3,UNBREAKING,14,0.9333,3.0,3,2,4
NEUTRAL,MINIBOSS,AXES,15,3,VANISHING_CURSE,4,0.2667,1.0,0,1,1
NEUTRAL,MINIBOSS,BOOTS,43,10,BINDING_CURSE,1,0.0233,1,0,1,1
NEUTRAL,MINIBOSS,BOOTS,43,10,BLAST_PROTECTION,5,0.1163,1,0,1,4
NEUTRAL,MINIBOSS,BOOTS,43,10,DEPTH_STRIDER,1,0.0233,3,0,3,3
NEUTRAL,MINIBOSS,BOOTS,43,10,EARTHQUAKE,3,0.0698,1,0,1,2
NEUTRAL,MINIBOSS,BOOTS,43,10,FEATHER_FALLING,19,0.4419,4,0,3,5
NEUTRAL,MINIBOSS,BOOTS,43,10,FIRE_PROTECTION,8,0.186,4.0,0,1,5
NEUTRAL,MINIBOSS,BOOTS,43,10,FROST_WALKER,3,0.0698,2,0,2,2
NEUTRAL,MINIBOSS,BOOTS,43,10,MENDING,3,0.0698,1,0,1,1
NEUTRAL,MINIBOSS,BOOTS,43,10,PLASMA_BOOTS,2,0.0465,2.0,0,1,3
NEUTRAL,MINIBOSS,BOOTS,43,10,POWER,1,0.0233,2,0,2,2
NEUTRAL,MINIBOSS,BOOTS,43,10,PROJECTILE_PROTECTION,5,0.1163,1,0,1,2
NEUTRAL,MINIBOSS,BOOTS,43,10,PROTECTION,33,0.7674,4,3,2,7
NEUTRAL,MINIBOSS,BOOTS,43,10,SOUL_SPEED,2,0.0465,3.0,0,3,3
NEUTRAL,MINIBOSS,BOOTS,43,10,THORNS,1,0.0233,3,0,3,3
NEUTRAL,MINIBOSS,BOOTS,43,10,UNBREAKING,34,0.7907,3.0,3,1,5
NEUTRAL,MINIBOSS,BOOTS,43,10,VANISHING_CURSE,9,0.2093,1,0,1,1
NEUTRAL,MINIBOSS,BOWS,20,7,CRITICAL_STRIKES,1,0.05,2,0.0,2,2
NEUTRAL,MINIBOSS,BOWS,20,7,FIRE_ASPECT,1,0.05,3,0.0,3,3
NEUTRAL,MINIBOSS,BOWS,20,7,FLAME,2,0.1,1.5,0.0,1,2
NEUTRAL,MINIBOSS,BOWS,20,7,FROST_WALKER,1,0.05,1,0.0,1,1
NEUTRAL,MINIBOSS,BOWS,20,7,GRAPPLING_HOOK,2,0.1,1.0,0.0,1,1
NEUTRAL,MINIBOSS,BOWS,20,7,INFINITY,9,0.45,1,0.0,1,1
NEUTRAL,MINIBOSS,BOWS,20,7,KNOCKBACK,1,0.05,2,0.0,2,2
NEUTRAL,MINIBOSS,BOWS,20,7,LIGHTNING,2,0.1,3.0,0.0,1,5
NEUTRAL,MINIBOSS,BOWS,20,7,MENDING,2,0.1,1.0,0.0,1,1
NEUTRAL,MINIBOSS,BOWS,20,7,POWER,19,0.95,5,4.5,1,5
NEUTRAL,MINIBOSS,BOWS,20,7,PUNCH,16,0.8,2.0,2.0,1,2
NEUTRAL,MINIBOSS,BOWS,20,7,SHARPNESS,1,0.05,5,0.0,5,5
NEUTRAL,MINIBOSS,BOWS,20,7,UNBREAKING,11,0.55,3,1.0,1,3
NEUTRAL,MINIBOSS,BOWS,20,7,VANISHING_CURSE,7,0.35,1,0.0,1,1
NEUTRAL,MINIBOSS,CHESTPLATES,38,10,BINDING_CURSE,1,0.0263,1,0.0,1,1
NEUTRAL,MINIBOSS,CHESTPLATES,38,10,BLAST_PROTECTION,4,0.1053,2.5,0.0,1,5
NEUTRAL,MINIBOSS,CHESTPLATES,38,10,EARTHQUAKE,1,0.0263,2,0.0,2,2
NEUTRAL,MINIBOSS,CHESTPLATES,38,10,FIRE_PROTECTION,8,0.2105,4.0,0.0,1,6
NEUTRAL,MINIBOSS,CHESTPLATES,38,10,MENDING,4,0.1053,1.0,0.0,1,1
NEUTRAL,MINIBOSS,CHESTPLATES,38,10,PROJECTILE_PROTECTION,5,0.1316,1,0.0,1,2
NEUTRAL,MINIBOSS,CHESTPLATES,38,10,PROTECTION,30,0.7895,3.0,3.0,2,10
NEUTRAL,MINIBOSS,CHESTPLATES,38,10,THORNS,5,0.1316,3,0.0,1,3
NEUTRAL,MINIBOSS,CHESTPLATES,38,10,UNBREAKING,31,0.8158,3,3.0,1,5
NEUTRAL,MINIBOSS,CHESTPLATES,38,10,VANISHING_CURSE,10,0.2632,1.0,0.0,1,1
NEUTRAL,MINIBOSS,CROSSBOWS,7,4,FIRE_ASPECT,1,0.1429,1,0,1,1
NEUTRAL,MINIBOSS,CROSSBOWS,7,4,FLAME,1,0.1429,2,0,2,2
NEUTRAL,MINIBOSS,CROSSBOWS,7,4,MULTISHOT,3,0.4286,1,0,1,3
NEUTRAL,MINIBOSS,CROSSBOWS,7,4,PIERCING,5,0.7143,3,2,1,4
NEUTRAL,MINIBOSS,CROSSBOWS,7,4,POWER,1,0.1429,5,0,5,5
NEUTRAL,MINIBOSS,CROSSBOWS,7,4,PUNCH,1,0.1429,2,0,2,2
NEUTRAL,MINIBOSS,CROSSBOWS,7,4,QUICK_CHARGE,4,0.5714,2.5,2,2,3
NEUTRAL,MINIBOSS,CROSSBOWS,7,4,SHARPNESS,1,0.1429,5,0,5,5
NEUTRAL,MINIBOSS,CROSSBOWS,7,4,UNBREAKING,4,0.5714,2.5,2,2,3
NEUTRAL,MINIBOSS,HELMETS,38,11,AQUA_AFFINITY,6,0.1579,1.0,0.0,1,1
NEUTRAL,MINIBOSS,HELMETS,38,11,BINDING_CURSE,2,0.0526,1.0,0.0,1,1
NEUTRAL,MINIBOSS,HELMETS,38,11,BLAST_PROTECTION,2,0.0526,1.0,0.0,1,1
NEUTRAL,MINIBOSS,HELMETS,38,11,EARTHQUAKE,1,0.0263,2,0.0,2,2
NEUTRAL,MINIBOSS,HELMETS,38,11,FIRE_PROTECTION,4,0.1053,4.0,0.0,1,5
NEUTRAL,MINIBOSS,HELMETS,38,11,MENDING,3,0.0789,1,0.0,1,1
NEUTRAL,MINIBOSS,HELMETS,38,11,PROJECTILE_PROTECTION,6,0.1579,1.5,0.0,1,3
NEUTRAL,MINIBOSS,HELMETS,38,11,PROTECTION,32,0.8421,3.0,3.0,1,6
NEUTRAL,MINIBOSS,HELMETS,38,11,RESPIRATION,9,0.2368,3,0.0,1,3
NEUTRAL,MINIBOSS,HELMETS,38,11,THORNS,2,0.0526,2.0,0.0,1,3
NEUTRAL,MINIBOSS,HELMETS,38,11,UNBREAKING,29,0.7632,3,3.0,1,5
NEUTRAL,MINIBOSS,HELMETS,38,11,VANISHING_CURSE,7,0.1842,1,0.0,1,1
NEUTRAL,MINIBOSS,HOES,4,4,EFFICIENCY,1,0.25,5,0.0,5,5
NEUTRAL,MINIBOSS,HOES,4,4,HUNTER,1,0.25,3,0.0,3,3
NEUTRAL,MINIBOSS,HOES,4,4,LOOTING,1,0.25,3,0.0,3,3
NEUTRAL,MINIBOSS,HOES,4,4,MENDING,1,0.25,1,0.0,1,1
NEUTRAL,MINIBOSS,HOES,4,4,SHARPNESS,2,0.5,3.5,1.0,2,5
NEUTRAL,MINIBOSS,HOES,4,4,SWEEPING_EDGE,2,0.5,2.0,0.5,1,3
NEUTRAL,MINIBOSS,HOES,4,4,UNBREAKING,2,0.5,3.0,1.5,3,3
NEUTRAL,MINIBOSS,LEGGINGS,27,11,BINDING_CURSE,1,0.037,1,0,1,1
NEUTRAL,MINIBOSS,LEGGINGS,27,11,BLAST_PROTECTION,3,0.1111,1,0,1,3
NEUTRAL,MINIBOSS,LEGGINGS,27,11,EARTHQUAKE,1,0.037,2,0,2,2
NEUTRAL,MINIBOSS,LEGGINGS,27,11,FEATHER_FALLING,2,0.0741,2.5,0,2,3
NEUTRAL,MINIBOSS,LEGGINGS,27,11,FIRE_PROTECTION,5,0.1852,4,0,1,5
NEUTRAL,MINIBOSS,LEGGINGS,27,11,MENDING,3,0.1111,1,0,1,1
NEUTRAL,MINIBOSS,LEGGINGS,27,11,PROJECTILE_PROTECTION,5,0.1852,1,0,1,2
NEUTRAL,MINIBOSS,LEGGINGS,27,11,PROTECTION,22,0.8148,3.0,3,2,6
NEUTRAL,MINIBOSS,LEGGINGS,27,11,THORNS,2,0.0741,3.0,0,3,3
NEUTRAL,MINIBOSS,LEGGINGS,27,11,UNBREAKING,19,0.7037,3,2,1,5
NEUTRAL,MINIBOSS,LEGGINGS,27,11,VANISHING_CURSE,3,0.1111,1,0,1,1
NEUTRAL,MINIBOSS,SHIELDS,4,4,THORNS,1,0.25,1,0.0,1,1
NEUTRAL,MINIBOSS,SHIELDS,4,4,UNBREAKING,3,0.75,3,2.5,2,3
NEUTRAL,MINIBOSS,SHIELDS,4,4,VANISHING_CURSE,2,0.5,1.0,0.5,1,1
NEUTRAL,MINIBOSS,SWORDS,48,7,BANE_OF_ARTHROPODS,2,0.0417,3.5,0.0,2,5
NEUTRAL,MINIBOSS,SWORDS,48,7,CRITICAL_STRIKES,3,0.0625,2,0.0,1,2
NEUTRAL,MINIBOSS,SWORDS,48,7,FIRE_ASPECT,21,0.4375,2,0.0,2,4
NEUTRAL,MINIBOSS,SWORDS,48,7,FLAMETHROWER,1,0.0208,1,0.0,1,1
NEUTRAL,MINIBOSS,SWORDS,48,7,HUNTER,1,0.0208,3,0.0,3,3
NEUTRAL,MINIBOSS,SWORDS,48,7,KNOCKBACK,6,0.125,2.0,0.0,2,3
NEUTRAL,MINIBOSS,SWORDS,48,7,LIGHTNING,3,0.0625,1,0.0,1,2
NEUTRAL,MINIBOSS,SWORDS,48,7,LOOTING,6,0.125,3.0,0.0,3,3
NEUTRAL,MINIBOSS,SWORDS,48,7,MENDING,2,0.0417,1.0,0.0,1,1
NEUTRAL,MINIBOSS,SWORDS,48,7,SHARPNESS,42,0.875,5.0,5.0,2,10
NEUTRAL,MINIBOSS,SWORDS,48,7,SMITE,6,0.125,5.0,0.0,1,5
NEUTRAL,MINIBOSS,SWORDS,48,7,SWEEPING_EDGE,13,0.2708,3,0.0,1,3
NEUTRAL,MINIBOSS,SWORDS,48,7,UNBREAKING,42,0.875,3.0,3.0,1,5
NEUTRAL,MINIBOSS,SWORDS,48,7,VANISHING_CURSE,12,0.25,1.0,0.0,1,1
NEUTRAL,MINIBOSS,TRIDENTS,2,1,CHANNELING,1,0.5,1,0.5,1,1
NEUTRAL,MINIBOSS,TRIDENTS,2,1,IMPALING,2,1.0,5.0,5.0,5,5
NEUTRAL,MINIBOSS,TRIDENTS,2,1,LOYALTY,2,1.0,3.0,3.0,3,3
NEUTRAL,MINIBOSS,TRIDENTS,2,1,RIPTIDE,1,0.5,3,1.5,3,3
NEUTRAL,MINIBOSS,TRIDENTS,2,1,UNBREAKING,1,0.5,3,1.5,3,3
NEUTRAL,TRASH,AXES,3,2,KNOCKBACK,1,0.3333,2,0,2,2
NEUTRAL,TRASH,AXES,3,2,SHARPNESS,3,1.0,3,3,2,3
NEUTRAL,TRASH,AXES,3,2,SMITE,1,0.3333,2,0,2,2
NEUTRAL,TRASH,AXES,3,2,UNBREAKING,1,0.3333,2,0,2,2
NEUTRAL,TRASH,AXES,3,2,VANISHING_CURSE,1,0.3333,1,0,1,1
NEUTRAL,TRASH,BOOTS,33,11,BINDING_CURSE,1,0.0303,1,0,1,1
NEUTRAL,TRASH,BOOTS,33,11,BLAST_PROTECTION,6,0.1818,1.0,0,1,3
NEUTRAL,TRASH,BOOTS,33,11,DEPTH_STRIDER,2,0.0606,2.5,0,2,3
NEUTRAL,TRASH,BOOTS,33,11,FEATHER_FALLING,6,0.1818,4.0,0,3,5
NEUTRAL,TRASH,BOOTS,33,11,FIRE_PROTECTION,5,0.1515,1,0,1,5
NEUTRAL,TRASH,BOOTS,33,11,FROST_WALKER,1,0.0303,2,0,2,2
NEUTRAL,TRASH,BOOTS,33,11,MENDING,2,0.0606,1.0,0,1,1
NEUTRAL,TRASH,BOOTS,33,11,PLASMA_BOOTS,2,0.0606,2.5,0,2,3
NEUTRAL,TRASH,BOOTS,33,11,PROJECTILE_PROTECTION,6,0.1818,1.0,0,1,2
NEUTRAL,TRASH,BOOTS,33,11,PROTECTION,28,0.8485,2.0,2,1,5
NEUTRAL,TRASH,BOOTS,33,11,SHARPNESS,2,0.0606,1.0,0,1,1
NEUTRAL,TRASH,BOOTS,33,11,SMITE,1,0.0303,2,0,2,2
NEUTRAL,TRASH,BOOTS,33,11,SOUL_SPEED,1,0.0303,1,0,1,1
NEUTRAL,TRASH,BOOTS,33,11,UNBREAKING,16,0.4848,3.0,0,1,5
NEUTRAL,TRASH,BOOTS,33,11,VANISHING_CURSE,2,0.0606,1.0,0,1,1
NEUTRAL,TRASH,BOWS,8,5,FLAME,2,0.25,2.0,0.0,1,3
NEUTRAL,TRASH,BOWS,8,5,FROST_WALKER,1,0.125,1,0.0,1,1
NEUTRAL,TRASH,BOWS,8,5,INFINITY,1,0.125,1,0.0,1,1
NEUTRAL,TRASH,BOWS,8,5,MENDING,1,0.125,1,0.0,1,1
NEUTRAL,TRASH,BOWS,8,5,POWER,8,1.0,2.0,2.0,1,5
NEUTRAL,TRASH,BOWS,8,5,PUNCH,4,0.5,1.5,0.5,1,2
NEUTRAL,TRASH,BOWS,8,5,UNBREAKING,4,0.5,2.0,0.5,1,3
NEUTRAL,TRASH,CHESTPLATES,33,10,BINDING_CURSE,2,0.0606,1.0,0,1,1
NEUTRAL,TRASH,CHESTPLATES,33,10,BLAST_PROTECTION,3,0.0909,1,0,1,1
NEUTRAL,TRASH,CHESTPLATES,33,10,FEATHER_FALLING,1,0.0303,4,0,4,4
NEUTRAL,TRASH,CHESTPLATES,33,10,FIRE_PROTECTION,8,0.2424,2.5,0,1,4
NEUTRAL,TRASH,CHESTPLATES,33,10,MENDING,4,0.1212,1.0,0,1,1
NEUTRAL,TRASH,CHESTPLATES,33,10,PROJECTILE_PROTECTION,6,0.1818,1.5,0,1,2
NEUTRAL,TRASH,CHESTPLATES,33,10,PROTECTION,30,0.9091,2.0,2,1,5
NEUTRAL,TRASH,CHESTPLATES,33,10,SHARPNESS,2,0.0606,1.0,0,1,1
NEUTRAL,TRASH,CHESTPLATES,33,10,SMITE,1,0.0303,2,0,2,2
NEUTRAL,TRASH,CHESTPLATES,33,10,THORNS,3,0.0909,2,0,1,2
NEUTRAL,TRASH,CHESTPLATES,33,10,UNBREAKING,15,0.4545,3,0,1,5
NEUTRAL,TRASH,CHESTPLATES,33,10,VANISHING_CURSE,2,0.0606,1.0,0,1,1
NEUTRAL,TRASH,CROSSBOWS,4,4,MENDING,2,0.5,1.0,0.5,1,1
NEUTRAL,TRASH,CROSSBOWS,4,4,MULTISHOT,2,0.5,2.0,0.5,1,3
NEUTRAL,TRASH,CROSSBOWS,4,4,PIERCING,3,0.75,3,2.5,2,4
NEUTRAL,TRASH,CROSSBOWS,4,4,QUICK_CHARGE,2,0.5,3.0,1.5,3,3
NEUTRAL,TRASH,CROSSBOWS,4,4,SMITE,1,0.25,2,0.0,2,2
NEUTRAL,TRASH,CROSSBOWS,4,4,UNBREAKING,3,0.75,2,2.0,2,3
NEUTRAL,TRASH,HELMETS,31,9,AQUA_AFFINITY,3,0.0968,1,0,1,1
NEUTRAL,TRASH,HELMETS,31,9,BANE_OF_ARTHROPODS,1,0.0323,1,0,1,1
NEUTRAL,TRASH,HELMETS,31,9,BINDING_CURSE,1,0.0323,1,0,1,1
NEUTRAL,TRASH,HELMETS,31,9,BLAST_PROTECTION,4,0.129,1.0,0,1,4
NEUTRAL,TRASH,HELMETS,31,9,FIRE_PROTECTION,5,0.1613,1,0,1,3
NEUTRAL,TRASH,HELMETS,31,9,MENDING,2,0.0645,1.0,0,1,1
NEUTRAL,TRASH,HELMETS,31,9,PROJECTILE_PROTECTION,7,0.2258,2,0,1,4
NEUTRAL,TRASH,HELMETS,31,9,PROTECTION,26,0.8387,2.0,2,1,5
NEUTRAL,TRASH,HELMETS,31,9,RESPIRATION,4,0.129,2.5,0,1,3
NEUTRAL,TRASH,HELMETS,31,9,SHARPNESS,1,0.0323,3,0,3,3
NEUTRAL,TRASH,HELMETS,31,9,SMITE,2,0.0645,1.5,0,1,2
NEUTRAL,TRASH,HELMETS,31,9,THORNS,2,0.0645,2.0,0,1,3
NEUTRAL,TRASH,HELMETS,31,9,UNBREAKING,14,0.4516,3.0,0,1,5
NEUTRAL,TRASH,HELMETS,31,9,VANISHING_CURSE,2,0.0645,1.0,0,1,1
NEUTRAL,TRASH,HOES,2,2,FORTUNE,1,0.5,3,1.5,3,3
NEUTRAL,TRASH,HOES,2,2,LOOTING,1,0.5,2,1.0,2,2
NEUTRAL,TRASH,HOES,2,2,MENDING,2,1.0,1.0,1.0,1,1
NEUTRAL,TRASH,HOES,2,2,SHARPNESS,2,1.0,4.0,4.0,4,4
NEUTRAL,TRASH,HOES,2,2,SWEEPING_EDGE,1,0.5,2,1.0,2,2
NEUTRAL,TRASH,HOES,2,2,UNBREAKING,2,1.0,2.5,2.5,2,3
NEUTRAL,TRASH,LEGGINGS,30,9,BINDING_CURSE,1,0.0333,1,0.0,1,1
NEUTRAL,TRASH,LEGGINGS,30,9,BLAST_PROTECTION,5,0.1667,1,0.0,1,3
NEUTRAL,TRASH,LEGGINGS,30,9,DEPTH_STRIDER,1,0.0333,2,0.0,2,2
NEUTRAL,TRASH,LEGGINGS,30,9,FEATHER_FALLING,4,0.1333,2.0,0.0,2,3
NEUTRAL,TRASH,LEGGINGS,30,9,FIRE_PROTECTION,5,0.1667,1,0.0,1,4
NEUTRAL,TRASH,LEGGINGS,30,9,MENDING,2,0.0667,1.0,0.0,1,1
NEUTRAL,TRASH,LEGGINGS,30,9,PROJECTILE_PROTECTION,6,0.2,1.5,0.0,1,4
NEUTRAL,TRASH,LEGGINGS,30,9,PROTECTION,27,0.9,2,2.0,1,5
NEUTRAL,TRASH,LEGGINGS,30,9,SMITE,1,0.0333,2,0.0,2,2
NEUTRAL,TRASH,LEGGINGS,30,9,SWIFT_SNEAK,1,0.0333,2,0.0,2,2
NEUTRAL,TRASH,LEGGINGS,30,9,UNBREAKING,13,0.4333,3,0.0,1,5
NEUTRAL,TRASH,LEGGINGS,30,9,VANISHING_CURSE,1,0.0333,1,0.0,1,1
NEUTRAL,TRASH,MACES,8,4,BREACH,1,0.125,4,0.0,4,4
NEUTRAL,TRASH,MACES,8,4,DENSITY,1,0.125,5,0.0,5,5
NEUTRAL,TRASH,MACES,8,4,KNOCKBACK,5,0.625,2,1.0,1,3
NEUTRAL,TRASH,MACES,8,4,MENDING,2,0.25,1.0,0.0,1,1
NEUTRAL,TRASH,MACES,8,4,SHARPNESS,7,0.875,2,2.0,2,4
NEUTRAL,TRASH,MACES,8,4,SMITE,1,0.125,2,0.0,2,2
NEUTRAL,TRASH,MACES,8,4,UNBREAKING,4,0.5,2.0,1.0,2,3
NEUTRAL,TRASH,MACES,8,4,WIND_BURST,1,0.125,3,0.0,3,3
NEUTRAL,TRASH,SHIELDS,10,5,BANE_OF_ARTHROPODS,1,0.1,2,0.0,2,2
NEUTRAL,TRASH,SHIELDS,10,5,BINDING_CURSE,1,0.1,3,0.0,3,3
NEUTRAL,TRASH,SHIELDS,10,5,CURSE_OF_VANISHING,1,0.1,1,0.0,1,1
NEUTRAL,TRASH,SHIELDS,10,5,MENDING,2,0.2,1.0,0.0,1,1
NEUTRAL,TRASH,SHIELDS,10,5,PROJECTILE_PROTECTION,1,0.1,4,0.0,4,4
NEUTRAL,TRASH,SHIELDS,10,5,PROTECTION,3,0.3,4,0.0,2,5
NEUTRAL,TRASH,SHIELDS,10,5,THORNS,4,0.4,2.5,0.0,1,3
NEUTRAL,TRASH,SHIELDS,10,5,UNBREAKING,8,0.8,2.5,2.0,1,4
NEUTRAL,TRASH,SPEARS,11,4,IMPALING,10,0.9091,4.0,4,3,6
NEUTRAL,TRASH,SPEARS,11,4,LUNGE,1,0.0909,3,0,3,3
NEUTRAL,TRASH,SPEARS,11,4,MENDING,2,0.1818,1.0,0,1,1
NEUTRAL,TRASH,SPEARS,11,4,PIERCING,1,0.0909,2,0,2,2
NEUTRAL,TRASH,SPEARS,11,4,SHARPNESS,8,0.7273,3.0,2,2,5
NEUTRAL,TRASH,SPEARS,11,4,SMITE,1,0.0909,2,0,2,2
NEUTRAL,TRASH,SPEARS,11,4,UNBREAKING,7,0.6364,3,2,2,4
NEUTRAL,TRASH,SWORDS,15,6,BANE_OF_ARTHROPODS,2,0.1333,2.0,0,2,2
NEUTRAL,TRASH,SWORDS,15,6,FIRE_ASPECT,3,0.2,2,0,1,3
NEUTRAL,TRASH,SWORDS,15,6,IMPALING,1,0.0667,1,0,1,1
NEUTRAL,TRASH,SWORDS,15,6,LOOTING,2,0.1333,3.0,0,3,3
NEUTRAL,TRASH,SWORDS,15,6,MENDING,1,0.0667,1,0,1,1
NEUTRAL,TRASH,SWORDS,15,6,SHARPNESS,12,0.8,3.0,2,2,6
NEUTRAL,TRASH,SWORDS,15,6,SMITE,4,0.2667,3.0,0,2,4
NEUTRAL,TRASH,SWORDS,15,6,SWEEPING_EDGE,1,0.0667,1,0,1,1
NEUTRAL,TRASH,SWORDS,15,6,UNBREAKING,6,0.4,2.5,0,1,3
NEUTRAL,TRASH,SWORDS,15,6,VANISHING_CURSE,1,0.0667,1,0,1,1
NEUTRAL,TRASH,TRIDENTS,5,4,CHANNELING,3,0.6,1,1,1,1
NEUTRAL,TRASH,TRIDENTS,5,4,IMPALING,3,0.6,5,5,5,6
NEUTRAL,TRASH,TRIDENTS,5,4,LIGHTNING,1,0.2,1,0,1,1
NEUTRAL,TRASH,TRIDENTS,5,4,LOYALTY,4,0.8,3.0,3,1,3
NEUTRAL,TRASH,TRIDENTS,5,4,MENDING,2,0.4,1.0,0,1,1
NEUTRAL,TRASH,TRIDENTS,5,4,SHARPNESS,1,0.2,5,0,5,5
NEUTRAL,TRASH,TRIDENTS,5,4,UNBREAKING,4,0.8,3.0,3,1,5
NEUTRAL,TRASH,TRIDENTS,5,4,VANISHING_CURSE,1,0.2,1,0,1,1
NORMAL,BOSS,AXES,10,4,BANE_OF_ARTHROPODS,2,0.2,3.5,0.0,2,5
NORMAL,BOSS,AXES,10,4,BLAST_PROTECTION,1,0.1,4,0.0,4,4
NORMAL,BOSS,AXES,10,4,CRITICAL_STRIKES,1,0.1,2,0.0,2,2
NORMAL,BOSS,AXES,10,4,FIRE_PROTECTION,2,0.2,4.5,0.0,4,5
NORMAL,BOSS,AXES,10,4,LOUD_STRIKES,5,0.5,1,0.5,1,2
NORMAL,BOSS,AXES,10,4,PROJECTILE_PROTECTION,4,0.4,4.0,0.0,3,4
NORMAL,BOSS,AXES,10,4,PROTECTION,4,0.4,5.0,0.0,2,5
NORMAL,BOSS,AXES,10,4,SHARPNESS,8,0.8,3.0,3.0,2,8
NORMAL,BOSS,AXES,10,4,SMITE,1,0.1,3,0.0,3,3
NORMAL,BOSS,AXES,10,4,UNBREAKING,7,0.7,3,2.5,1,7
NORMAL,BOSS,BOOTS,30,14,BANE_OF_ARTHROPODS,5,0.1667,4,0.0,4,5
NORMAL,BOSS,BOOTS,30,14,BLAST_PROTECTION,10,0.3333,3.0,0.0,1,6
NORMAL,BOSS,BOOTS,30,14,DEPTH_STRIDER,1,0.0333,1,0.0,1,1
NORMAL,BOSS,BOOTS,30,14,FEATHER_FALLING,9,0.3,4,0.0,1,8
NORMAL,BOSS,BOOTS,30,14,FIRE_PROTECTION,12,0.4,3.0,0.0,1,6
NORMAL,BOSS,BOOTS,30,14,FROST_WALKER,2,0.0667,1.0,0.0,1,1
NORMAL,BOSS,BOOTS,30,14,HUNTER,1,0.0333,1,0.0,1,1
NORMAL,BOSS,BOOTS,30,14,LOUD_STRIKES,9,0.3,1,0.0,1,1
NORMAL,BOSS,BOOTS,30,14,MENDING,1,0.0333,1,0.0,1,1
NORMAL,BOSS,BOOTS,30,14,PROJECTILE_PROTECTION,12,0.4,3.0,0.0,1,4
NORMAL,BOSS,BOOTS,30,14,PROTECTION,26,0.8667,3.5,3.0,1,7
NORMAL,BOSS,BOOTS,30,14,SHARPNESS,17,0.5667,4,2.0,2,6
NORMAL,BOSS,BOOTS,30,14,SMITE,6,0.2,4.0,0.0,2,5
NORMAL,BOSS,BOOTS,30,14,THORNS,5,0.1667,1,0.0,1,3
NORMAL,BOSS,BOOTS,30,14,UNBREAKING,17,0.5667,3,1.0,1,4
NORMAL,BOSS,BOWS,21,13,FLAME,10,0.4762,1.0,0,1,6
NORMAL,BOSS,BOWS,21,13,INFINITY,8,0.381,1.0,0,1,5
NORMAL,BOSS,BOWS,21,13,MENDING,2,0.0952,1.0,0,1,1
NORMAL,BOSS,BOWS,21,13,POWER,21,1.0,4,4,1,5
NORMAL,BOSS,BOWS,21,13,PROTECTION,1,0.0476,2,0,2,2
NORMAL,BOSS,BOWS,21,13,PUNCH,7,0.3333,2,0,1,3
NORMAL,BOSS,BOWS,21,13,SMITE,1,0.0476,3,0,3,3
NORMAL,BOSS,BOWS,21,13,UNBREAKING,17,0.8095,3,3,1,4
NORMAL,BOSS,CHESTPLATES,30,14,BANE_OF_ARTHROPODS,7,0.2333,4,0.0,2,4
NORMAL,BOSS,CHESTPLATES,30,14,BLAST_PROTECTION,12,0.4,3.5,0.0,1,6
NORMAL,BOSS,CHESTPLATES,30,14,FEATHER_FALLING,4,0.1333,2.0,0.0,2,4
NORMAL,BOSS,CHESTPLATES,30,14,FIRE_PROTECTION,12,0.4,3.0,0.0,1,6
NORMAL,BOSS,CHESTPLATES,30,14,HUNTER,1,0.0333,1,0.0,1,1
NORMAL,BOSS,CHESTPLATES,30,14,LOUD_STRIKES,10,0.3333,1.0,0.0,1,1
NORMAL,BOSS,CHESTPLATES,30,14,MENDING,1,0.0333,1,0.0,1,1
NORMAL,BOSS,CHESTPLATES,30,14,PROJECTILE_PROTECTION,11,0.3667,3,0.0,1,5
NORMAL,BOSS,CHESTPLATES,30,14,PROTECTION,29,0.9667,4,3.5,1,8
NORMAL,BOSS,CHESTPLATES,30,14,SHARPNESS,15,0.5,4,1.0,2,5
NORMAL,BOSS,CHESTPLATES,30,14,SMITE,8,0.2667,4.0,0.0,2,6
NORMAL,BOSS,CHESTPLATES,30,14,THORNS,10,0.3333,2.0,0.0,1,5
NORMAL,BOSS,CHESTPLATES,30,14,UNBREAKING,17,0.5667,3,1.0,1,5
NORMAL,BOSS,CROSSBOWS,20,11,LOUD_STRIKES,1,0.05,1,0.0,1,1
NORMAL,BOSS,CROSSBOWS,20,11,MENDING,1,0.05,1,0.0,1,1
NORMAL,BOSS,CROSSBOWS,20,11,MULTISHOT,2,0.1,4.0,0.0,3,5
NORMAL,BOSS,CROSSBOWS,20,11,PIERCING,20,1.0,3.0,3.0,2,5
NORMAL,BOSS,CROSSBOWS,20,11,PROTECTION,1,0.05,2,0.0,2,2
NORMAL,BOSS,CROSSBOWS,20,11,QUICK_CHARGE,18,0.9,2.0,2.0,1,3
NORMAL,BOSS,CROSSBOWS,20,11,SHARPNESS,2,0.1,2.0,0.0,2,2
NORMAL,BOSS,CROSSBOWS,20,11,SMITE,2,0.1,3.0,0.0,3,3
NORMAL,BOSS,CROSSBOWS,20,11,UNBREAKING,15,0.75,3,3.0,1,4
NORMAL,BOSS,HELMETS,31,14,AQUA_AFFINITY,1,0.0323,1,0,1,1
NORMAL,BOSS,HELMETS,31,14,BANE_OF_ARTHROPODS,4,0.129,4.5,0,3,6
NORMAL,BOSS,HELMETS,31,14,BLAST_PROTECTION,13,0.4194,4,0,1,6
NORMAL,BOSS,HELMETS,31,14,CRITICAL_STRIKES,1,0.0323,1,0,1,1
NORMAL,BOSS,HELMETS,31,14,FEATHER_FALLING,4,0.129,2.5,0,2,4
NORMAL,BOSS,HELMETS,31,14,FIRE_PROTECTION,7,0.2258,4,0,1,6
NORMAL,BOSS,HELMETS,31,14,HUNTER,1,0.0323,1,0,1,1
NORMAL,BOSS,HELMETS,31,14,LOUD_STRIKES,12,0.3871,1.0,0,1,1
NORMAL,BOSS,HELMETS,31,14,MENDING,1,0.0323,1,0,1,1
NORMAL,BOSS,HELMETS,31,14,PROJECTILE_PROTECTION,19,0.6129,4,2,1,8
NORMAL,BOSS,HELMETS,31,14,PROTECTION,29,0.9355,3,3,1,7
NORMAL,BOSS,HELMETS,31,14,RESPIRATION,3,0.0968,1,0,1,1
NORMAL,BOSS,HELMETS,31,14,SHARPNESS,14,0.4516,4.0,0,2,5
NORMAL,BOSS,HELMETS,31,14,SMITE,7,0.2258,4,0,2,6
NORMAL,BOSS,HELMETS,31,14,THORNS,4,0.129,1.0,0,1,3
NORMAL,BOSS,HELMETS,31,14,UNBREAKING,18,0.5806,3.0,1,1,10
NORMAL,BOSS,HOES,13,6,EFFICIENCY,4,0.3077,3.0,0,1,3
NORMAL,BOSS,HOES,13,6,MENDING,4,0.3077,1.0,0,1,1
NORMAL,BOSS,HOES,13,6,SHARPNESS,9,0.6923,5,4,3,7
NORMAL,BOSS,HOES,13,6,SMITE,1,0.0769,5,0,5,5
NORMAL,BOSS,HOES,13,6,SWEEPING_EDGE,9,0.6923,2,2,1,4
NORMAL,BOSS,HOES,13,6,UNBREAKING,13,1.0,4,4,2,5
NORMAL,BOSS,LEGGINGS,30,14,BANE_OF_ARTHROPODS,6,0.2,4.0,0.0,3,4
NORMAL,BOSS,LEGGINGS,30,14,BLAST_PROTECTION,9,0.3,3,0.0,1,6
NORMAL,BOSS,LEGGINGS,30,14,CRITICAL_STRIKES,1,0.0333,1,0.0,1,1
NORMAL,BOSS,LEGGINGS,30,14,DEPTH_STRIDER,1,0.0333,1,0.0,1,1
NORMAL,BOSS,LEGGINGS,30,14,FEATHER_FALLING,6,0.2,5.0,0.0,2,6
NORMAL,BOSS,LEGGINGS,30,14,FIRE_PROTECTION,12,0.4,4.0,0.0,1,8
NORMAL,BOSS,LEGGINGS,30,14,HUNTER,1,0.0333,1,0.0,1,1
NORMAL,BOSS,LEGGINGS,30,14,LOUD_STRIKES,11,0.3667,1,0.0,1,1
NORMAL,BOSS,LEGGINGS,30,14,MENDING,1,0.0333,1,0.0,1,1
NORMAL,BOSS,LEGGINGS,30,14,PROJECTILE_PROTECTION,14,0.4667,3.0,0.0,1,6
NORMAL,BOSS,LEGGINGS,30,14,PROTECTION,28,0.9333,3.0,3.0,1,7
NORMAL,BOSS,LEGGINGS,30,14,SHARPNESS,14,0.4667,5.0,0.0,2,6
NORMAL,BOSS,LEGGINGS,30,14,SMITE,6,0.2,4.0,0.0,2,5
NORMAL,BOSS,LEGGINGS,30,14,THORNS,5,0.1667,1,0.0,1,3
NORMAL,BOSS,LEGGINGS,30,14,UNBREAKING,18,0.6,3.0,1.0,1,4
NORMAL,BOSS,MACES,21,12,FIRE_ASPECT,2,0.0952,1.5,0,1,2
NORMAL,BOSS,MACES,21,12,KNOCKBACK,21,1.0,2,2,1,3
NORMAL,BOSS,MACES,21,12,MENDING,2,0.0952,1.0,0,1,1
NORMAL,BOSS,MACES,21,12,PROTECTION,1,0.0476,2,0,2,2
NORMAL,BOSS,MACES,21,12,SHARPNESS,21,1.0,5,5,3,7
NORMAL,BOSS,MACES,21,12,SMITE,2,0.0952,3.0,0,3,3
NORMAL,BOSS,MACES,21,12,THORNS,1,0.0476,2,0,2,2
NORMAL,BOSS,MACES,21,12,UNBREAKING,19,0.9048,3,3,1,5
NORMAL,BOSS,SHIELDS,10,6,BLAST_PROTECTION,2,0.2,4.0,0.0,4,4
NORMAL,BOSS,SHIELDS,10,6,FIRE_PROTECTION,2,0.2,3.5,0.0,3,4
NORMAL,BOSS,SHIELDS,10,6,FORTUNE,1,0.1,2,0.0,2,2
NORMAL,BOSS,SHIELDS,10,6,LOUD_STRIKES,7,0.7,1,1.0,1,1
NORMAL,BOSS,SHIELDS,10,6,LUCK_OF_THE_SEA,1,0.1,4,0.0,4,4
NORMAL,BOSS,SHIELDS,10,6,MENDING,3,0.3,2,0.0,1,4
NORMAL,BOSS,SHIELDS,10,6,PROJECTILE_PROTECTION,5,0.5,4,2.0,4,5
NORMAL,BOSS,SHIELDS,10,6,PROTECTION,7,0.7,5,3.0,2,6
NORMAL,BOSS,SHIELDS,10,6,SHARPNESS,3,0.3,3,0.0,2,5
NORMAL,BOSS,SHIELDS,10,6,SMITE,1,0.1,3,0.0,3,3
NORMAL,BOSS,SHIELDS,10,6,THORNS,3,0.3,5,0.0,1,5
NORMAL,BOSS,SHIELDS,10,6,UNBREAKING,9,0.9,4,4.0,3,6
NORMAL,BOSS,SHIELDS,10,6,VANISHING_CURSE,1,0.1,3,0.0,3,3
NORMAL,BOSS,SPEARS,22,13,FIRE_ASPECT,1,0.0455,1,0.0,1,1
NORMAL,BOSS,SPEARS,22,13,IMPALING,22,1.0,4.0,4.0,3,6
NORMAL,BOSS,SPEARS,22,13,LOYALTY,2,0.0909,1.0,0.0,1,1
NORMAL,BOSS,SPEARS,22,13,MENDING,2,0.0909,1.0,0.0,1,1
NORMAL,BOSS,SPEARS,22,13,PIERCING,8,0.3636,2.0,0.0,2,3
NORMAL,BOSS,SPEARS,22,13,PROTECTION,1,0.0455,2,0.0,2,2
NORMAL,BOSS,SPEARS,22,13,SHARPNESS,19,0.8636,4,3.5,2,6
NORMAL,BOSS,SPEARS,22,13,SMITE,3,0.1364,3,0.0,2,3
NORMAL,BOSS,SPEARS,22,13,UNBREAKING,18,0.8182,3.0,3.0,1,5
NORMAL,BOSS,SWORDS,19,10,BANE_OF_ARTHROPODS,10,0.5263,4.0,3,3,5
NORMAL,BOSS,SWORDS,19,10,FIRE_ASPECT,4,0.2105,1.0,0,1,3
NORMAL,BOSS,SWORDS,19,10,HUNTER,1,0.0526,1,0,1,1
NORMAL,BOSS,SWORDS,19,10,KNOCKBACK,5,0.2632,2,0,1,2
NORMAL,BOSS,SWORDS,19,10,LOOTING,2,0.1053,2.5,0,2,3
NORMAL,BOSS,SWORDS,19,10,LOUD_STRIKES,1,0.0526,1,0,1,1
NORMAL,BOSS,SWORDS,19,10,MENDING,1,0.0526,1,0,1,1
NORMAL,BOSS,SWORDS,19,10,PROTECTION,2,0.1053,2.0,0,2,2
NORMAL,BOSS,SWORDS,19,10,SHARPNESS,19,1.0,5,5,1,6
NORMAL,BOSS,SWORDS,19,10,SMITE,16,0.8421,4.0,4,1,7
NORMAL,BOSS,SWORDS,19,10,SWEEPING_EDGE,5,0.2632,1,0,1,3
NORMAL,BOSS,SWORDS,19,10,UNBREAKING,13,0.6842,3,2,1,4
NORMAL,BOSS,TRIDENTS,4,3,BANE_OF_ARTHROPODS,1,0.25,1,0.0,1,1
NORMAL,BOSS,TRIDENTS,4,3,CHANNELING,1,0.25,1,0.0,1,1
NORMAL,BOSS,TRIDENTS,4,3,IMPALING,2,0.5,4.0,1.5,3,5
NORMAL,BOSS,TRIDENTS,4,3,LOUD_STRIKES,1,0.25,1,0.0,1,1
NORMAL,BOSS,TRIDENTS,4,3,LOYALTY,4,1.0,2.0,2.0,1,6
NORMAL,BOSS,TRIDENTS,4,3,MENDING,2,0.5,1.0,0.5,1,1
NORMAL,BOSS,TRIDENTS,4,3,PIERCING,1,0.25,1,0.0,1,1
NORMAL,BOSS,TRIDENTS,4,3,PROJECTILE_PROTECTION,1,0.25,3,0.0,3,3
NORMAL,BOSS,TRIDENTS,4,3,PROTECTION,1,0.25,4,0.0,4,4
NORMAL,BOSS,TRIDENTS,4,3,RIPTIDE,1,0.25,2,0.0,2,2
NORMAL,BOSS,TRIDENTS,4,3,SHARPNESS,2,0.5,4.5,2.0,4,5
NORMAL,BOSS,TRIDENTS,4,3,SMITE,2,0.5,2.0,0.5,1,3
NORMAL,BOSS,TRIDENTS,4,3,UNBREAKING,3,0.75,1,1.0,1,2
NORMAL,MINIBOSS,AXES,11,5,EFFICIENCY,1,0.0909,2,0,2,2
NORMAL,MINIBOSS,AXES,11,5,FIRE_ASPECT,1,0.0909,2,0,2,2
NORMAL,MINIBOSS,AXES,11,5,FIRE_PROTECTION,1,0.0909,2,0,2,2
NORMAL,MINIBOSS,AXES,11,5,FORTUNE,1,0.0909,5,0,5,5
NORMAL,MINIBOSS,AXES,11,5,KNOCKBACK,1,0.0909,1,0,1,1
NORMAL,MINIBOSS,AXES,11,5,LOUD_STRIKES,2,0.1818,1.0,0,1,1
NORMAL,MINIBOSS,AXES,11,5,PROJECTILE_PROTECTION,1,0.0909,2,0,2,2
NORMAL,MINIBOSS,AXES,11,5,PROTECTION,3,0.2727,3,0,1,4
NORMAL,MINIBOSS,AXES,11,5,SHARPNESS,8,0.7273,3.0,1,1,7
NORMAL,MINIBOSS,AXES,11,5,SMITE,4,0.3636,3.5,0,2,4
NORMAL,MINIBOSS,AXES,11,5,UNBREAKING,6,0.5455,2.0,1,1,5
NORMAL,MINIBOSS,BOOTS,35,9,BANE_OF_ARTHROPODS,2,0.0571,2.5,0,2,3
NORMAL,MINIBOSS,BOOTS,35,9,BINDING_CURSE,2,0.0571,4.5,0,2,7
NORMAL,MINIBOSS,BOOTS,35,9,BLAST_PROTECTION,7,0.2,3,0,1,7
NORMAL,MINIBOSS,BOOTS,35,9,FEATHER_FALLING,8,0.2286,3.5,0,1,7
NORMAL,MINIBOSS,BOOTS,35,9,FIRE_PROTECTION,7,0.2,3,0,1,5
NORMAL,MINIBOSS,BOOTS,35,9,FROST_WALKER,5,0.1429,1,0,1,3
NORMAL,MINIBOSS,BOOTS,35,9,HUNTER,2,0.0571,1.5,0,1,2
NORMAL,MINIBOSS,BOOTS,35,9,LOUD_STRIKES,5,0.1429,1,0,1,1
NORMAL,MINIBOSS,BOOTS,35,9,MENDING,2,0.0571,2.0,0,1,3
NORMAL,MINIBOSS,BOOTS,35,9,PROJECTILE_PROTECTION,10,0.2857,2.0,0,1,7
NORMAL,MINIBOSS,BOOTS,35,9,PROTECTION,27,0.7714,3,2,1,7
NORMAL,MINIBOSS,BOOTS,35,9,SHARPNESS,9,0.2571,3,0,1,4
NORMAL,MINIBOSS,BOOTS,35,9,SMITE,6,0.1714,3.0,0,1,4
NORMAL,MINIBOSS,BOOTS,35,9,THORNS,3,0.0857,5,0,1,7
NORMAL,MINIBOSS,BOOTS,35,9,UNBREAKING,14,0.4,2.0,0,1,4
NORMAL,MINIBOSS,BOOTS,35,9,VANISHING_CURSE,1,0.0286,7,0,7,7
NORMAL,MINIBOSS,BOWS,12,5,FLAME,6,0.5,1.0,0.5,1,5
NORMAL,MINIBOSS,BOWS,12,5,INFINITY,4,0.3333,3.0,0.0,1,5
NORMAL,MINIBOSS,BOWS,12,5,LOUD_STRIKES,2,0.1667,1.0,0.0,1,1
NORMAL,MINIBOSS,BOWS,12,5,POWER,9,0.75,3,1.5,1,7
NORMAL,MINIBOSS,BOWS,12,5,PROTECTION,1,0.0833,2,0.0,2,2
NORMAL,MINIBOSS,BOWS,12,5,PUNCH,4,0.3333,2.5,0.0,1,3
NORMAL,MINIBOSS,BOWS,12,5,SHARPNESS,1,0.0833,2,0.0,2,2
NORMAL,MINIBOSS,BOWS,12,5,SMITE,1,0.0833,4,0.0,4,4
NORMAL,MINIBOSS,BOWS,12,5,UNBREAKING,7,0.5833,2,1.0,1,3
NORMAL,MINIBOSS,CHESTPLATES,36,8,BANE_OF_ARTHROPODS,1,0.0278,2,0.0,2,2
NORMAL,MINIBOSS,CHESTPLATES,36,8,BINDING_CURSE,1,0.0278,2,0.0,2,2
NORMAL,MINIBOSS,CHESTPLATES,36,8,BLAST_PROTECTION,12,0.3333,3.0,0.0,2,4
NORMAL,MINIBOSS,CHESTPLATES,36,8,FEATHER_FALLING,3,0.0833,4,0.0,4,7
NORMAL,MINIBOSS,CHESTPLATES,36,8,FIRE_PROTECTION,12,0.3333,2.5,0.0,1,7
NORMAL,MINIBOSS,CHESTPLATES,36,8,LOUD_STRIKES,6,0.1667,1.0,0.0,1,1
NORMAL,MINIBOSS,CHESTPLATES,36,8,MENDING,1,0.0278,1,0.0,1,1
NORMAL,MINIBOSS,CHESTPLATES,36,8,PROJECTILE_PROTECTION,18,0.5,2.5,0.5,1,7
NORMAL,MINIBOSS,CHESTPLATES,36,8,PROTECTION,34,0.9444,3.0,3.0,1,8
NORMAL,MINIBOSS,CHESTPLATES,36,8,SHARPNESS,7,0.1944,3,0.0,1,4
NORMAL,MINIBOSS,CHESTPLATES,36,8,SMITE,3,0.0833,3,0.0,2,3
NORMAL,MINIBOSS,CHESTPLATES,36,8,THORNS,11,0.3056,3,0.0,1,7
NORMAL,MINIBOSS,CHESTPLATES,36,8,UNBREAKING,16,0.4444,2.0,0.0,1,5
NORMAL,MINIBOSS,CHESTPLATES,36,8,VANISHING_CURSE,2,0.0556,5.0,0.0,3,7
NORMAL,MINIBOSS,CROSSBOWS,8,4,FLAME,1,0.125,1,0.0,1,1
NORMAL,MINIBOSS,CROSSBOWS,8,4,INFINITY,1,0.125,1,0.0,1,1
NORMAL,MINIBOSS,CROSSBOWS,8,4,LOUD_STRIKES,1,0.125,1,0.0,1,1
NORMAL,MINIBOSS,CROSSBOWS,8,4,MULTISHOT,5,0.625,2,1.0,1,3
NORMAL,MINIBOSS,CROSSBOWS,8,4,PIERCING,7,0.875,2,2.0,1,7
NORMAL,MINIBOSS,CROSSBOWS,8,4,POWER,2,0.25,1.0,0.0,1,1
NORMAL,MINIBOSS,CROSSBOWS,8,4,PROTECTION,1,0.125,4,0.0,4,4
NORMAL,MINIBOSS,CROSSBOWS,8,4,QUICK_CHARGE,5,0.625,2,1.0,1,2
NORMAL,MINIBOSS,CROSSBOWS,8,4,UNBREAKING,5,0.625,2,1.0,1,3
NORMAL,MINIBOSS,HELMETS,35,8,AQUA_AFFINITY,1,0.0286,1,0,1,1
NORMAL,MINIBOSS,HELMETS,35,8,BANE_OF_ARTHROPODS,3,0.0857,2,0,2,3
NORMAL,MINIBOSS,HELMETS,35,8,BINDING_CURSE,2,0.0571,4.5,0,2,7
NORMAL,MINIBOSS,HELMETS,35,8,BLAST_PROTECTION,11,0.3143,4,0,1,7
NORMAL,MINIBOSS,HELMETS,35,8,FEATHER_FALLING,2,0.0571,3.5,0,3,4
NORMAL,MINIBOSS,HELMETS,35,8,FIRE_PROTECTION,13,0.3714,3,0,1,5
NORMAL,MINIBOSS,HELMETS,35,8,LOUD_STRIKES,4,0.1143,1.0,0,1,1
NORMAL,MINIBOSS,HELMETS,35,8,MENDING,2,0.0571,2.0,0,1,3
NORMAL,MINIBOSS,HELMETS,35,8,PROJECTILE_PROTECTION,17,0.4857,3,0,1,7
NORMAL,MINIBOSS,HELMETS,35,8,PROTECTION,29,0.8286,3,2,1,7
NORMAL,MINIBOSS,HELMETS,35,8,RESPIRATION,6,0.1714,1.0,0,1,7
NORMAL,MINIBOSS,HELMETS,35,8,SHARPNESS,9,0.2571,3,0,1,5
NORMAL,MINIBOSS,HELMETS,35,8,SMITE,4,0.1143,3.0,0,2,4
NORMAL,MINIBOSS,HELMETS,35,8,THORNS,3,0.0857,2,0,1,4
NORMAL,MINIBOSS,HELMETS,35,8,UNBREAKING,16,0.4571,2.0,0,1,7
NORMAL,MINIBOSS,HELMETS,35,8,VANISHING_CURSE,1,0.0286,7,0,7,7
NORMAL,MINIBOSS,HOES,2,2,EFFICIENCY,1,0.5,3,1.5,3,3
NORMAL,MINIBOSS,HOES,2,2,MENDING,1,0.5,2,1.0,2,2
NORMAL,MINIBOSS,HOES,2,2,SHARPNESS,1,0.5,5,2.5,5,5
NORMAL,MINIBOSS,HOES,2,2,SWEEPING_EDGE,1,0.5,3,1.5,3,3
NORMAL,MINIBOSS,HOES,2,2,UNBREAKING,2,1.0,4.5,4.5,4,5
NORMAL,MINIBOSS,LEGGINGS,35,8,BANE_OF_ARTHROPODS,4,0.1143,2.5,0,2,3
NORMAL,MINIBOSS,LEGGINGS,35,8,BINDING_CURSE,1,0.0286,3,0,3,3
NORMAL,MINIBOSS,LEGGINGS,35,8,BLAST_PROTECTION,9,0.2571,3,0,2,4
NORMAL,MINIBOSS,LEGGINGS,35,8,DEPTH_STRIDER,3,0.0857,1,0,1,1
NORMAL,MINIBOSS,LEGGINGS,35,8,FEATHER_FALLING,8,0.2286,6.0,0,2,7
NORMAL,MINIBOSS,LEGGINGS,35,8,FIRE_PROTECTION,11,0.3143,3,0,1,7
NORMAL,MINIBOSS,LEGGINGS,35,8,LOUD_STRIKES,3,0.0857,1,0,1,1
NORMAL,MINIBOSS,LEGGINGS,35,8,MENDING,4,0.1143,2.5,0,1,3
NORMAL,MINIBOSS,LEGGINGS,35,8,PROJECTILE_PROTECTION,10,0.2857,2.5,0,1,7
NORMAL,MINIBOSS,LEGGINGS,35,8,PROTECTION,30,0.8571,2.0,2,1,8
NORMAL,MINIBOSS,LEGGINGS,35,8,SHARPNESS,8,0.2286,3.5,0,1,4
NORMAL,MINIBOSS,LEGGINGS,35,8,SMITE,4,0.1143,3.0,0,3,5
NORMAL,MINIBOSS,LEGGINGS,35,8,THORNS,4,0.1143,1.5,0,1,5
NORMAL,MINIBOSS,LEGGINGS,35,8,UNBREAKING,16,0.4571,2.0,0,1,7
NORMAL,MINIBOSS,LEGGINGS,35,8,VANISHING_CURSE,3,0.0857,7,0,2,7
NORMAL,MINIBOSS,MACES,2,2,BREACH,1,0.5,5,2.5,5,5
NORMAL,MINIBOSS,MACES,2,2,DENSITY,1,0.5,3,1.5,3,3
NORMAL,MINIBOSS,MACES,2,2,KNOCKBACK,1,0.5,2,1.0,2,2
NORMAL,MINIBOSS,MACES,2,2,SHARPNESS,1,0.5,5,2.5,5,5
NORMAL,MINIBOSS,MACES,2,2,UNBREAKING,2,1.0,3.0,3.0,2,4
NORMAL,MINIBOSS,MACES,2,2,WIND_BURST,1,0.5,1,0.5,1,1
NORMAL,MINIBOSS,SHIELDS,10,4,BLAST_PROTECTION,2,0.2,2.0,0.0,2,2
NORMAL,MINIBOSS,SHIELDS,10,4,LOUD_STRIKES,3,0.3,1,0.0,1,1
NORMAL,MINIBOSS,SHIELDS,10,4,MENDING,3,0.3,2,0.0,1,2
NORMAL,MINIBOSS,SHIELDS,10,4,PROJECTILE_PROTECTION,5,0.5,3,0.5,1,4
NORMAL,MINIBOSS,SHIELDS,10,4,PROTECTION,6,0.6,3.0,1.5,1,4
NORMAL,MINIBOSS,SHIELDS,10,4,SHARPNESS,1,0.1,2,0.0,2,2
NORMAL,MINIBOSS,SHIELDS,10,4,THORNS,1,0.1,4,0.0,4,4
NORMAL,MINIBOSS,SHIELDS,10,4,UNBREAKING,6,0.6,4.0,1.0,1,7
NORMAL,MINIBOSS,SHIELDS,10,4,VANISHING_CURSE,1,0.1,7,0.0,7,7
NORMAL,MINIBOSS,SPEARS,1,1,IMPALING,1,1.0,4,4,4,4
NORMAL,MINIBOSS,SPEARS,1,1,SHARPNESS,1,1.0,4,4,4,4
NORMAL,MINIBOSS,SPEARS,1,1,UNBREAKING,1,1.0,4,4,4,4
NORMAL,MINIBOSS,SWORDS,13,6,BANE_OF_ARTHROPODS,4,0.3077,3.0,0,2,7
NORMAL,MINIBOSS,SWORDS,13,6,FIRE_ASPECT,4,0.3077,1.0,0,1,1
NORMAL,MINIBOSS,SWORDS,13,6,LOUD_STRIKES,2,0.1538,1.0,0,1,1
NORMAL,MINIBOSS,SWORDS,13,6,MENDING,1,0.0769,1,0,1,1
NORMAL,MINIBOSS,SWORDS,13,6,PROJECTILE_PROTECTION,1,0.0769,3,0,3,3
NORMAL,MINIBOSS,SWORDS,13,6,PROTECTION,1,0.0769,5,0,5,5
NORMAL,MINIBOSS,SWORDS,13,6,SHARPNESS,13,1.0,3,3,1,7
NORMAL,MINIBOSS,SWORDS,13,6,SMITE,8,0.6154,3.0,2,1,7
NORMAL,MINIBOSS,SWORDS,13,6,SWEEPING_EDGE,2,0.1538,1.0,0,1,1
NORMAL,MINIBOSS,SWORDS,13,6,UNBREAKING,6,0.4615,2.0,0,1,7
NORMAL,MINIBOSS,TRIDENTS,7,5,CHANNELING,3,0.4286,3,0,1,3
NORMAL,MINIBOSS,TRIDENTS,7,5,FIRE_PROTECTION,2,0.2857,2.0,0,2,2
NORMAL,MINIBOSS,TRIDENTS,7,5,IMPALING,4,0.5714,3.5,3,3,4
NORMAL,MINIBOSS,TRIDENTS,7,5,LOUD_STRIKES,1,0.1429,1,0,1,1
NORMAL,MINIBOSS,TRIDENTS,7,5,LOYALTY,6,0.8571,2.5,2,1,7
NORMAL,MINIBOSS,TRIDENTS,7,5,RIPTIDE,3,0.4286,2,0,2,5
NORMAL,MINIBOSS,TRIDENTS,7,5,SHARPNESS,1,0.1429,2,0,2,2
NORMAL,MINIBOSS,TRIDENTS,7,5,UNBREAKING,4,0.5714,2.5,1,1,5
NORMAL,TRASH,AXES,4,2,BANE_OF_ARTHROPODS,2,0.5,2.5,0.5,1,4
NORMAL,TRASH,AXES,4,2,SHARPNESS,4,1.0,3.0,3.0,2,3
NORMAL,TRASH,AXES,4,2,SMITE,1,0.25,2,0.0,2,2
NORMAL,TRASH,AXES,4,2,UNBREAKING,1,0.25,2,0.0,2,2
NORMAL,TRASH,BOOTS,24,6,BANE_OF_ARTHROPODS,1,0.0417,2,0.0,2,2
NORMAL,TRASH,BOOTS,24,6,BLAST_PROTECTION,1,0.0417,1,0.0,1,1
NORMAL,TRASH,BOOTS,24,6,FEATHER_FALLING,2,0.0833,1.5,0.0,1,2
NORMAL,TRASH,BOOTS,24,6,FIRE_PROTECTION,1,0.0417,1,0.0,1,1
NORMAL,TRASH,BOOTS,24,6,FROST_WALKER,3,0.125,1,0.0,1,1
NORMAL,TRASH,BOOTS,24,6,LOUD_STRIKES,5,0.2083,1,0.0,1,1
NORMAL,TRASH,BOOTS,24,6,PROJECTILE_PROTECTION,6,0.25,1.0,0.0,1,2
NORMAL,TRASH,BOOTS,24,6,PROTECTION,17,0.7083,1,1.0,1,3
NORMAL,TRASH,BOOTS,24,6,SHARPNESS,10,0.4167,2.0,0.0,1,3
NORMAL,TRASH,BOOTS,24,6,SMITE,2,0.0833,1.5,0.0,1,2
NORMAL,TRASH,BOOTS,24,6,THORNS,1,0.0417,1,0.0,1,1
NORMAL,TRASH,BOOTS,24,6,UNBREAKING,7,0.2917,1,0.0,1,3
NORMAL,TRASH,BOOTS,24,6,VANISHING_CURSE,1,0.0417,1,0.0,1,1
NORMAL,TRASH,BOWS,10,4,FLAME,3,0.3,1,0.0,1,1
NORMAL,TRASH,BOWS,10,4,INFINITY,2,0.2,1.0,0.0,1,1
NORMAL,TRASH,BOWS,10,4,LOUD_STRIKES,1,0.1,1,0.0,1,1
NORMAL,TRASH,BOWS,10,4,POWER,6,0.6,1.5,1.0,1,2
NORMAL,TRASH,BOWS,10,4,SHARPNESS,3,0.3,2,0.0,1,3
NORMAL,TRASH,BOWS,10,4,SMITE,2,0.2,1.5,0.0,1,2
NORMAL,TRASH,BOWS,10,4,UNBREAKING,5,0.5,2,0.5,1,3
NORMAL,TRASH,CHESTPLATES,23,6,BANE_OF_ARTHROPODS,1,0.0435,1,0,1,1
NORMAL,TRASH,CHESTPLATES,23,6,BLAST_PROTECTION,2,0.087,1.5,0,1,2
NORMAL,TRASH,CHESTPLATES,23,6,FIRE_PROTECTION,4,0.1739,1.0,0,1,2
NORMAL,TRASH,CHESTPLATES,23,6,LOUD_STRIKES,5,0.2174,1,0,1,1
NORMAL,TRASH,CHESTPLATES,23,6,PROJECTILE_PROTECTION,5,0.2174,1,0,1,2
NORMAL,TRASH,CHESTPLATES,23,6,PROTECTION,17,0.7391,1,1,1,5
NORMAL,TRASH,CHESTPLATES,23,6,SHARPNESS,7,0.3043,2,0,2,3
NORMAL,TRASH,CHESTPLATES,23,6,SMITE,4,0.1739,2.5,0,2,3
NORMAL,TRASH,CHESTPLATES,23,6,THORNS,1,0.0435,1,0,1,1
NORMAL,TRASH,CHESTPLATES,23,6,UNBREAKING,6,0.2609,1.0,0,1,3
NORMAL,TRASH,CROSSBOWS,2,1,LOUD_STRIKES,2,1.0,1.0,1.0,1,1
NORMAL,TRASH,CROSSBOWS,2,1,PIERCING,1,0.5,1,0.5,1,1
NORMAL,TRASH,CROSSBOWS,2,1,PROTECTION,2,1.0,2.0,2.0,2,2
NORMAL,TRASH,CROSSBOWS,2,1,UNBREAKING,1,0.5,3,1.5,3,3
NORMAL,TRASH,HELMETS,23,6,BLAST_PROTECTION,3,0.1304,2,0,1,2
NORMAL,TRASH,HELMETS,23,6,FIRE_PROTECTION,1,0.0435,1,0,1,1
NORMAL,TRASH,HELMETS,23,6,LOUD_STRIKES,6,0.2609,1.0,0,1,1
NORMAL,TRASH,HELMETS,23,6,PROJECTILE_PROTECTION,6,0.2609,1.0,0,1,3
NORMAL,TRASH,HELMETS,23,6,PROTECTION,16,0.6957,1.0,1,1,3
NORMAL,TRASH,HELMETS,23,6,RESPIRATION,1,0.0435,1,0,1,1
NORMAL,TRASH,HELMETS,23,6,SHARPNESS,10,0.4348,2.0,0,1,3
NORMAL,TRASH,HELMETS,23,6,SMITE,3,0.1304,1,0,1,3
NORMAL,TRASH,HELMETS,23,6,THORNS,1,0.0435,1,0,1,1
NORMAL,TRASH,HELMETS,23,6,UNBREAKING,7,0.3043,1,0,1,2
NORMAL,TRASH,HOES,1,1,MENDING,1,1.0,1,1,1,1
NORMAL,TRASH,HOES,1,1,UNBREAKING,1,1.0,2,2,2,2
NORMAL,TRASH,LEGGINGS,24,6,BANE_OF_ARTHROPODS,1,0.0417,2,0.0,2,2
NORMAL,TRASH,LEGGINGS,24,6,BLAST_PROTECTION,5,0.2083,2,0.0,2,3
NORMAL,TRASH,LEGGINGS,24,6,DEPTH_STRIDER,1,0.0417,1,0.0,1,1
NORMAL,TRASH,LEGGINGS,24,6,FEATHER_FALLING,1,0.0417,2,0.0,2,2
NORMAL,TRASH,LEGGINGS,24,6,FIRE_PROTECTION,2,0.0833,2.5,0.0,1,4
NORMAL,TRASH,LEGGINGS,24,6,LOUD_STRIKES,8,0.3333,1.0,0.0,1,1
NORMAL,TRASH,LEGGINGS,24,6,PROJECTILE_PROTECTION,7,0.2917,1,0.0,1,2
NORMAL,TRASH,LEGGINGS,24,6,PROTECTION,19,0.7917,2,1.0,1,3
NORMAL,TRASH,LEGGINGS,24,6,SHARPNESS,5,0.2083,2,0.0,1,3
NORMAL,TRASH,LEGGINGS,24,6,SMITE,2,0.0833,2.0,0.0,2,2
NORMAL,TRASH,LEGGINGS,24,6,THORNS,1,0.0417,1,0.0,1,1
NORMAL,TRASH,LEGGINGS,24,6,UNBREAKING,6,0.25,1.0,0.0,1,2
NORMAL,TRASH,SHIELDS,8,4,BLAST_PROTECTION,1,0.125,1,0.0,1,1
NORMAL,TRASH,SHIELDS,8,4,LOUD_STRIKES,4,0.5,1.0,0.5,1,1
NORMAL,TRASH,SHIELDS,8,4,PROJECTILE_PROTECTION,2,0.25,1.5,0.0,1,2
NORMAL,TRASH,SHIELDS,8,4,PROTECTION,6,0.75,2.0,1.5,1,2
NORMAL,TRASH,SHIELDS,8,4,UNBREAKING,4,0.5,1.5,0.5,1,3
NORMAL,TRASH,SWORDS,14,5,BANE_OF_ARTHROPODS,1,0.0714,1,0.0,1,1
NORMAL,TRASH,SWORDS,14,5,FIRE_ASPECT,3,0.2143,1,0.0,1,1
NORMAL,TRASH,SWORDS,14,5,LOUD_STRIKES,1,0.0714,1,0.0,1,1
NORMAL,TRASH,SWORDS,14,5,SHARPNESS,14,1.0,2.0,2.0,1,4
NORMAL,TRASH,SWORDS,14,5,SMITE,6,0.4286,1.5,0.0,1,2
NORMAL,TRASH,SWORDS,14,5,SWEEPING_EDGE,3,0.2143,1,0.0,1,2
NORMAL,TRASH,SWORDS,14,5,UNBREAKING,5,0.3571,1,0.0,1,2
